Date ,Open ,High ,Low ,Close ,Daily Return
12-Apr-16,15809.1,15958.8,15794.15,15880.2,0.390049625
13-Apr-16,16087.95,16349.7,16080.55,16278.55,2.508469667
18-Apr-16,16328.7,16330.55,16011.9,16222.7,-0.343089526
20-Apr-16,16299.5,16386.35,16160.55,16349.7,0.782853656
21-Apr-16,16526.55,16769.55,16526.55,16637.15,1.758136235
22-Apr-16,16641.05,16755.85,16549.1,16703.4,0.398205221
25-Apr-16,16746.95,16767.9,16605,16678.65,-0.148173426
26-Apr-16,16647.75,17029.85,16572,17002.55,1.942003699
27-Apr-16,16869.35,16995,16827.35,16872.95,-0.762238605
28-Apr-16,16885.8,17023.35,16692.7,16716.9,-0.924853093
29-Apr-16,16712.95,16841.3,16527.55,16795,0.467191884
02-May-16,16614,16674.15,16519.55,16543,-1.500446561
03-May-16,16570.75,16719.4,16358.4,16388.7,-0.932720788
04-May-16,16320.1,16465.6,16250.5,16274.25,-0.698347032
05-May-16,16292.4,16398.25,16193.7,16281,0.041476566
06-May-16,16264.45,16346.25,16186.25,16296.6,0.09581721
09-May-16,16357,16712.9,16357,16686.1,2.390069094
10-May-16,16710.05,16812.2,16613.9,16784.95,0.592409251
11-May-16,16544.25,16861.95,16518.75,16754.45,-0.181710401
12-May-16,16881.25,16962,16779.5,16923.7,1.010179385
13-May-16,16891.7,16891.7,16594.55,16716.9,-1.22195501
16-May-16,16744.15,16780.05,16431.65,16737.55,0.123527688
17-May-16,16818.4,16903.35,16738.7,16762.75,0.15055967
18-May-16,16671.7,16759.05,16556.6,16728.95,-0.201637559
19-May-16,16725.45,16726.15,16535.75,16565.25,-0.978543184
20-May-16,16600.8,16623.2,16455.4,16481.45,-0.505878269
23-May-16,16560.15,16604.15,16368,16407.55,-0.448382879
24-May-16,16422.35,16501.05,16368.6,16456.65,0.299252478
25-May-16,16600.65,17025.85,16599.05,16997.45,3.286209526
26-May-16,17037.6,17424.05,16971.35,17359.3,2.128848739
27-May-16,17348.35,17543.3,17327.65,17511.8,0.878491644
30-May-16,17580.85,17666.05,17484.8,17520.65,0.050537352
15-Jun-16,17746.05,17943.65,17659.6,17917.9,0
16-Jun-16,17827.6,17827.6,17545.8,17671.3,-1.376277354
17-Jun-16,17772.3,17843.15,17590.75,17696.05,0.140057608
20-Jun-16,17425.8,17779,17425.8,17718.6,0.127429568
21-Jun-16,17761.65,17763.3,17585.65,17619.1,-0.561556782
22-Jun-16,17610.1,17755.25,17518.15,17626.05,0.039445829
23-Jun-16,17630.8,17907.5,17611,17892.45,1.511399321
24-Jun-16,17213.85,17459.2,16946.35,17426.05,-2.60668606
27-Jun-16,17346.3,17611.2,17346.3,17514.95,0.510155773
28-Jun-16,17497,17626.7,17481.5,17561.55,0.266058424
29-Jun-16,17643.65,17728.95,17580.5,17689.9,0.730858039
30-Jun-16,17825.3,17975.05,17795.9,17935.4,1.387797557
01-Jul-16,18019.7,18074.95,17955.3,17985.65,0.280172173
04-Jul-16,18091.75,18146.35,18054.8,18097.65,0.622718667
05-Jul-16,18122.4,18124.1,17989.6,18004.25,-0.516089105
07-Jul-16,18036.3,18146.55,17997.1,18084.9,0.44794979
08-Jul-16,18078.05,18079.2,17910.9,18016.25,-0.37959845
11-Jul-16,18268.15,18409.45,18243.3,18390.95,2.079789079
12-Jul-16,18527.85,18684.45,18464.15,18667.6,1.504272482
13-Jul-16,18704.9,18711.6,18546.25,18618.95,-0.260611969
14-Jul-16,18633.5,18880.9,18580.2,18863.75,1.314789502
15-Jul-16,18887.9,19016.1,18772.45,18953.65,0.476575442
18-Jul-16,18998.3,19158,18885,18923.4,-0.159599866
19-Jul-16,18970.15,19030.05,18833.6,18905.15,-0.096441443
20-Jul-16,18896.8,19016.25,18886.3,18968.2,0.333507007
21-Jul-16,18967.4,19000.3,18644.55,18674.3,-1.549435371
22-Jul-16,18697.8,18735.4,18551.3,18690.4,0.086214744
25-Jul-16,18594.95,19035.35,18572.1,18989.6,1.600821812
26-Jul-16,18979.1,19044.45,18814.25,18860.85,-0.678002696
27-Jul-16,18908.45,19125,18882.4,19021.95,0.854150264
28-Jul-16,19050.4,19126.75,18998.8,19076.55,0.287036818
29-Jul-16,19047.05,19070.15,18912.6,18953.15,-0.646867489
01-Aug-16,18896.5,19078.5,18634.4,18740.6,-1.121449469
02-Aug-16,18783.6,18866.55,18671.85,18708.25,-0.172619873
17-Aug-16,19044.55,19138.35,18966.35,19041.25,0
18-Aug-16,19087.2,19367.45,19083,19352.8,1.636184599
19-Aug-16,19419,19457.4,19327.2,19414.7,0.319850358
22-Aug-16,19432.6,19493.2,19252.75,19330.25,-0.43497968
23-Aug-16,19311.9,19372.65,19246.9,19341.65,0.058974923
24-Aug-16,19358.7,19392.2,19284.35,19355.6,0.072124147
25-Aug-16,19383.7,19432.75,19282.8,19304.25,-0.265297898
26-Aug-16,19336.45,19358,19133.9,19195.75,-0.562052398
29-Aug-16,19174.45,19247.85,19096.7,19217,0.110701588
30-Aug-16,19306.5,19546.35,19306.5,19531.55,1.636831972
31-Aug-16,19595.9,19823.4,19595.9,19787.6,1.310955864
01-Sep-16,19805.8,19928.2,19738.3,19788.85,0.006317087
02-Sep-16,19830.35,19911.25,19787.6,19883.2,0.476783643
06-Sep-16,19990.95,20459.45,19990.95,20426.2,2.730948741
07-Sep-16,20505.8,20575.8,20376.75,20406.9,-0.094486493
08-Sep-16,20439.2,20477.4,20335.2,20417.25,0.050718139
09-Sep-16,20274.75,20349.7,20139.15,20245.3,-0.842180019
12-Sep-16,19861.45,19861.45,19735.55,19790.6,-2.245953382
14-Sep-16,19757.05,19953.15,19732.15,19909.15,0.599021758
15-Sep-16,19927.6,19955.4,19730.25,19837.55,-0.359633636
16-Sep-16,19935.85,20227.2,19783.6,19855.45,0.090232917
19-Sep-16,19892.2,20014.4,19849.65,19906.85,0.25887099
20-Sep-16,19957.35,19964.3,19797.5,19852.3,-0.274026277
21-Sep-16,19902.7,19937.85,19749.95,19828.45,-0.120137213
22-Sep-16,20153.1,20264.8,19996.9,20109.6,1.417912141
23-Sep-16,20136.75,20137.55,19861.45,19901.8,-1.033337312
26-Sep-16,19792.2,19794.15,19568.35,19591.75,-1.557899285
27-Sep-16,19652.95,19696.45,19479.15,19518.7,-0.372861026
13-Oct-16,19295.55,19295.55,18824.4,18954.25,0
14-Oct-16,19016.7,19053.5,18926.15,19020.15,0.34767928
17-Oct-16,19136.3,19241.75,19002.45,19070.4,0.2641935
18-Oct-16,19174.7,19511.8,19162.85,19495.05,2.226749308
19-Oct-16,19570.05,19576.3,19322.75,19412.1,-0.425492625
20-Oct-16,19493.9,19722.85,19479.25,19658.7,1.270341694
21-Oct-16,19636.4,19744,19516.4,19710.9,0.265531291
24-Oct-16,19763.85,19897.85,19751.65,19807.9,0.492113501
25-Oct-16,19907.7,19922.7,19711.95,19834.9,0.13630925
26-Oct-16,19581.7,19725.9,19434.5,19483.6,-1.771120601
27-Oct-16,19452,19544.2,19252.1,19514.6,0.159108173
28-Oct-16,19507.85,19589.7,19362,19555.95,0.211892634
30-Oct-16,19657.8,19666.8,19484.65,19523.55,-0.165678476
01-Nov-16,19578.6,19591.65,19417.3,19458.6,-0.332675154
02-Nov-16,19223.5,19296.55,19158.75,19227.9,-1.18559403
03-Nov-16,19201.95,19319.65,19119.3,19178.7,-0.255878177
04-Nov-16,19223.85,19223.9,18961.15,19058.1,-0.6288226
07-Nov-16,19317.85,19378,19233,19356,1.563114896
08-Nov-16,19490.75,19549.45,19322.15,19500.8,0.748088448
09-Nov-16,18270.9,19587.8,18143.7,19518.25,0.089483508
10-Nov-16,19827.5,20283.15,19787.45,20200.25,3.494165717
11-Nov-16,20033.85,20309.65,19704.35,19738.8,-2.284377669
15-Nov-16,19808.35,19861.75,19240.45,19289.75,-2.274960991
16-Nov-16,19591.25,19611.9,19088.4,19108.1,-0.941691831
17-Nov-16,19115.9,19328.75,19009.85,19087.85,-0.105976
18-Nov-16,19180.3,19216.35,18897.1,18959.05,-0.674774791
21-Nov-16,19063.8,19075.95,18351.25,18446.4,-2.703985695
22-Nov-16,18626.7,18650.5,18322.7,18548.65,0.5543087
23-Nov-16,18660.55,18669.05,18449.7,18540.9,-0.041782016
24-Nov-16,18476,18476.35,18215.8,18256.1,-1.536063514
25-Nov-16,18377.55,18546.35,18266.6,18507.3,1.37597844
28-Nov-16,18237.2,18471.65,18187.4,18301.45,-1.112263809
29-Nov-16,18308.8,18427.4,18188.7,18223.75,-0.424556524
30-Nov-16,18306.1,18667.85,18262.5,18627.8,2.217161671
14-Dec-16,18480.35,18485.45,18322.9,18341.5,0
15-Dec-16,18143.5,18532,18122.1,18401.15,0.325218766
16-Dec-16,18417.9,18428.45,18268.3,18312.8,-0.480133035
19-Dec-16,18258.1,18316.8,18215.5,18257.05,-0.304431873
20-Dec-16,18264.1,18274.9,18009.8,18069.4,-1.027822129
21-Dec-16,18124.6,18167.15,18043.95,18084.5,0.083566693
22-Dec-16,18027,18029.6,17839.75,17891.45,-1.067488733
23-Dec-16,17849.25,17962.3,17819.75,17884,-0.041640001
26-Dec-16,17825.5,17860.85,17606.9,17655.55,-1.277398792
27-Dec-16,17677.7,17907.35,17616.1,17879.55,1.268722866
28-Dec-16,17929.2,18059.65,17829.15,17876.7,-0.015939998
29-Dec-16,17861.45,18053.3,17829.4,18033.15,0.875161523
30-Dec-16,18026.35,18245.75,18016.8,18177.2,0.798806642
02-Jan-17,18242.3,18249,17844.9,17969.6,-1.142090091
03-Jan-17,18002.75,18115.05,17830.95,18035.6,0.367286974
04-Jan-17,18037.45,18092.85,17868.9,17891,-0.801747655
05-Jan-17,18000.75,18164.05,17977.8,18115.95,1.257336091
06-Jan-17,18168.45,18325.5,18157.3,18264,0.81723564
09-Jan-17,18314.25,18373.1,18256.15,18286.65,0.124014455
10-Jan-17,18351.45,18441.15,18275.75,18409.6,0.672348407
11-Jan-17,18535.35,18889.45,18515.25,18830,2.28359117
12-Jan-17,18885.45,18966.3,18805.85,18873.95,0.233404142
13-Jan-17,18949.7,18952.25,18781.25,18912.1,0.20213045
16-Jan-17,18899.7,19134.5,18865.25,19096.45,0.974772765
17-Jan-17,19128.15,19202.25,18981.85,19067.05,-0.153955316
18-Jan-17,19074.85,19276.5,19072.1,19164.5,0.511091123
19-Jan-17,19165.35,19185.3,19046.1,19124.25,-0.210023742
20-Jan-17,18996.6,19071.65,18793.05,18820.8,-1.586728891
23-Jan-17,18762,18909.65,18722.85,18842.7,0.116360622
24-Jan-17,18931,19054.3,18906.95,19023.5,0.959522786
25-Jan-17,19120.05,19518.45,19114.15,19473.2,2.363918312
27-Jan-17,19588.4,19794.95,19534.9,19708.3,1.20730029
30-Jan-17,19718.8,19767.05,19561.1,19585.25,-0.624356236
31-Jan-17,19533.2,19624.1,19435.45,19515.15,-0.357922416
01-Feb-17,19522.4,20047.85,19470.95,20020.6,2.590039021
15-Feb-17,20282.1,20368.2,20115.85,20163.7,0
16-Feb-17,20243.25,20295.55,20088.2,20243.7,0.39675258
17-Feb-17,20918.45,21042.35,20449.65,20551.35,1.519732065
20-Feb-17,20494.85,20702.6,20472.4,20677.1,0.611881944
21-Feb-17,20695.9,20903.35,20619.25,20860.95,0.889147898
22-Feb-17,20937.6,20958.25,20829.65,20868.45,0.035952342
23-Feb-17,20887.65,21011.9,20828.4,20876.65,0.039293766
27-Feb-17,20853.45,20853.45,20584.75,20613.05,-1.262654688
28-Feb-17,20632.85,20681.3,20560.6,20607.25,-0.028137515
01-Mar-17,20698.9,20833.75,20678.75,20783.75,0.85649468
02-Mar-17,20885,20905,20516.9,20560.05,-1.076321646
03-Mar-17,20572.85,20580.45,20423.35,20495.6,-0.313472
06-Mar-17,20548.95,20727.5,20532.2,20663.65,0.819932083
07-Mar-17,20685.95,20701.25,20585.95,20627.5,-0.174944891
08-Mar-17,20630.15,20715.2,20534.25,20676.55,0.237789359
09-Mar-17,20620.55,20780.25,20603.9,20721.35,0.216670576
10-Mar-17,20825.9,20876.95,20648.8,20727.55,0.02992083
14-Mar-17,21189.85,21274.45,21059.7,21102.7,1.809909999
15-Mar-17,21089.4,21216.9,21063.95,21157.9,0.261577902
16-Mar-17,21237.5,21289.8,21194.25,21249.9,0.434825762
17-Mar-17,21308.45,21336.05,21127.95,21175.05,-0.352236952
20-Mar-17,21202.55,21202.55,21084.8,21110.25,-0.306020529
21-Mar-17,21110.65,21146.5,20967,21019,-0.432254474
22-Mar-17,20815.35,20899,20753.9,20781.35,-1.130643703
23-Mar-17,20848.75,20934.75,20775.35,20895.5,0.54929059
24-Mar-17,20987.6,21174.1,20929.15,21122.55,1.086597593
27-Mar-17,21178.1,21179.2,20979.55,21056.9,-0.310805277
28-Mar-17,21229,21264.95,21145,21225.4,0.800212757
29-Mar-17,21291.45,21418.6,21255.75,21391.15,0.780904011
13-Apr-17,21651.25,21758.85,21627,21686.6,0
17-Apr-17,21700.5,21743.3,21576.75,21647.6,-0.179834552
18-Apr-17,21706.05,21947,21634.15,21671.85,0.112021656
19-Apr-17,21674.1,21706.3,21470.2,21556.35,-0.532949425
20-Apr-17,21419.45,21558.85,21396,21491.4,-0.301303328
21-Apr-17,21567.5,21614.55,21386.2,21551.45,0.279414091
24-Apr-17,21591.9,21884.85,21578.65,21857.4,1.419626058
25-Apr-17,21960.65,22093.25,21900.3,22054.7,0.902669119
26-Apr-17,22158.65,22276.05,21814.9,22242.85,0.853106141
27-Apr-17,22274.05,22380.85,22169.8,22326.3,0.375176742
28-Apr-17,22296.8,22383,22182.55,22358.25,0.143104769
02-May-17,22412.55,22492.15,22266.15,22341.35,-0.075587311
03-May-17,22445.85,22449,22240.05,22307.3,-0.152407979
04-May-17,22618.3,22743.7,22449.9,22720.1,1.850515302
05-May-17,22844.85,22853.55,22514,22604.95,-0.506819952
08-May-17,22678.45,22835.15,22632.5,22767.35,0.718426716
09-May-17,22820.8,22835.35,22664.35,22707.3,-0.263754895
10-May-17,22767.75,22859.4,22742.05,22830.35,0.541896218
11-May-17,22916.05,22977.85,22764.65,22818.45,-0.052123599
12-May-17,22840.4,22859.15,22578,22671.7,-0.643119931
15-May-17,22735.85,22891.7,22730.35,22821.5,0.660735631
16-May-17,22857.6,22944.1,22727.65,22928.6,0.469294306
17-May-17,22972.35,22978.15,22830.1,22935.95,0.032056035
18-May-17,22750.45,22834.55,22660.2,22698.6,-1.034838321
19-May-17,22761.95,22902.25,22628.45,22769.8,0.313675733
22-May-17,22874.8,22918.35,22637.75,22652.85,-0.513618916
23-May-17,22674.9,22740.4,22492.2,22582.8,-0.309232613
24-May-17,22624.5,22673.4,22469.8,22536.3,-0.205908922
25-May-17,22573.65,23267.8,22570.35,23190.8,2.904203441
26-May-17,23151.4,23408.35,23092.35,23362.2,0.739086189
29-May-17,23310.6,23464,23141.15,23182.75,-0.768121153
30-May-17,23142.1,23337.15,23093.95,23307.25,0.537037237
31-May-17,23321.2,23469.45,23248.5,23424.8,0.504349505
14-Jun-17,23555.3,23562.8,23399.4,23498.7,0
15-Jun-17,23444.7,23473.3,23311.85,23391.75,-0.45513156
16-Jun-17,23448.6,23527.65,23391,23502.75,0.474526275
19-Jun-17,23571.35,23806.65,23535.7,23742.15,1.018604206
20-Jun-17,23720.6,23760.35,23651.2,23697.95,-0.186166796
21-Jun-17,23638.15,23760.75,23610.2,23708.75,0.045573562
22-Jun-17,23716.85,23897.85,23694.15,23736.1,0.115358254
23-Jun-17,23772.3,23786.5,23507.5,23542.75,-0.814582008
27-Jun-17,23636.95,23640.1,23055.75,23216.25,-1.386838836
28-Jun-17,23209.55,23322.55,23113.65,23235.85,0.084423626
29-Jun-17,23312.4,23476,23124.35,23227.3,-0.036796588
30-Jun-17,23137.25,23254.1,22996.4,23211.2,-0.069314987
03-Jul-17,23240.35,23330.1,23144.3,23272.8,0.265389122
04-Jul-17,23325.5,23363.05,23163.7,23214.2,-0.251796088
05-Jul-17,23241.9,23380.35,23205.55,23352.6,0.596186817
06-Jul-17,23399.5,23540.15,23369.5,23466.65,0.48838245
07-Jul-17,23463.75,23492.6,23400.6,23449.15,-0.074573917
10-Jul-17,23583.25,23964.8,23289.9,23675.05,0.963361145
11-Jul-17,23744.55,23744.55,23552.6,23584.6,-0.382047768
12-Jul-17,23623.75,23736.55,23523.65,23695.45,0.470010091
13-Jul-17,23817.25,23938,23811,23888.65,0.815346406
14-Jul-17,23949.5,23963.65,23755.95,23937.7,0.205327635
17-Jul-17,24011.4,24066.1,23913.65,24015.05,0.323130459
18-Jul-17,23958.15,24147.45,23942.1,24022.05,0.029148388
19-Jul-17,24069.2,24180.75,24053.7,24152.65,0.543667172
20-Jul-17,24170.65,24299.6,24170.65,24213.35,0.251318178
21-Jul-17,24231.4,24289.3,24066.9,24257.05,0.180478951
24-Jul-17,24307.7,24460.55,24234.65,24420.85,0.675267603
25-Jul-17,24622.9,24624.65,24450.2,24520.7,0.408871927
26-Jul-17,24578.15,24720.9,24484.9,24670.7,0.61172805
09-Aug-17,24519.25,24532.4,24328.1,24374.6,0
10-Aug-17,24300.45,24326.9,23822.2,24217.35,-0.645138792
11-Aug-17,23958.25,24191.2,23868.3,23985.75,-0.956339154
14-Aug-17,24051.05,24212.15,24038.15,24115.75,0.541988472
16-Aug-17,24188.75,24461.2,23947.45,24437.7,1.335019645
17-Aug-17,24495.2,24496.2,24121.55,24237.25,-0.820249041
18-Aug-17,24125.3,24130.15,23925.95,24074.45,-0.671693365
21-Aug-17,24140.55,24258.95,23882.25,23936.5,-0.573014129
22-Aug-17,24080.6,24127.45,23852.65,23974.45,0.158544482
23-Aug-17,24084.95,24350,24074.15,24316.8,1.427978535
24-Aug-17,24374.75,24411.05,24224.85,24274.2,-0.175187525
28-Aug-17,24351.25,24422.45,24301.35,24377.1,0.423906864
29-Aug-17,24302,24320.95,24103.3,24128.95,-1.017963581
30-Aug-17,24253.05,24384.1,24241.3,24308.7,0.744955748
31-Aug-17,24354.35,24354.35,24207.7,24318.4,0.039903409
01-Sep-17,24389.2,24494.35,24319.2,24434,0.475360221
04-Sep-17,24456.3,24459.35,24156.4,24236.85,-0.80686748
05-Sep-17,24272.6,24388.05,24256.3,24328.3,0.37731801
06-Sep-17,24192.4,24331.3,24151.1,24279.15,-0.202028091
07-Sep-17,24324.85,24413.1,24246.9,24304.9,0.106058079
08-Sep-17,24409.5,24419.25,24273,24370.8,0.271138742
11-Sep-17,24468.5,24735.35,24458.25,24672.25,1.236931081
12-Sep-17,24779.15,24821.35,24653.6,24784.7,0.455775213
13-Sep-17,24818.35,24948.8,24737.8,24831.8,0.190036595
14-Sep-17,24857.25,24994.3,24815.5,24912.25,0.323979736
15-Sep-17,24840.3,24916.85,24791.55,24844.3,-0.272757378
18-Sep-17,24948.15,25105.35,24941.75,25046.9,0.815478802
19-Sep-17,25059.75,25103.45,24993,25041.55,-0.021359929
20-Sep-17,24984.65,25052.6,24938.3,24965.05,-0.305492272
21-Sep-17,24934.1,24992.5,24706.45,24799.25,-0.664128452
22-Sep-17,24704.55,24709.7,24340,24368.85,-1.735536357
25-Sep-17,24361.55,24363.8,24015.45,24165.05,-0.836313572
26-Sep-17,24105.6,24236.95,24017.4,24199.15,0.141112888
11-Oct-17,24411.45,24460.25,24054.25,24107.45,0
12-Oct-17,24151.45,24393.4,23978.4,24361.25,1.052786587
13-Oct-17,24411.1,24779.75,24387.8,24689.15,1.345990046
16-Oct-17,24815.4,24878.65,24516.55,24703.05,0.056300035
17-Oct-17,24697.25,24809.15,24571.85,24645.6,-0.232562376
18-Oct-17,24354.75,24454.65,24270.05,24313.75,-1.346487811
19-Oct-17,24238.4,24255.3,23923.7,24009.75,-1.25032132
23-Oct-17,24085.45,24151,23912.55,24088.9,0.329657743
24-Oct-17,24141.95,24293.25,24032.65,24222.15,0.553159339
25-Oct-17,24980.65,25157.8,24560.75,25035.9,3.359528366
26-Oct-17,24953.95,25186.05,24864.6,25022.2,-0.05472142
27-Oct-17,24887.6,24995.7,24798.65,24839.55,-0.729951803
30-Oct-17,24873.65,25064.85,24808.55,24988.55,0.599849836
31-Oct-17,25042.1,25078.65,24948.1,25019.35,0.123256451
01-Nov-17,25197.3,25549.35,25171.75,25490.45,1.882942602
02-Nov-17,25508.4,25598.75,25405.5,25427.3,-0.24773984
03-Nov-17,25531.4,25695.5,25394.95,25650.7,0.878583255
06-Nov-17,25569,25694.6,25529.5,25571.15,-0.310127989
07-Nov-17,25669.1,25695.75,25248.95,25300.8,-1.057246154
08-Nov-17,25375.8,25435.6,25119.5,25184.35,-0.460262126
09-Nov-17,25281,25385.2,25166.15,25291.35,0.424867031
10-Nov-17,25250.9,25598.55,25237.2,25498.95,0.820834001
13-Nov-17,25570.25,25611.55,25337.25,25358.3,-0.55159134
14-Nov-17,25352.55,25404.8,25223.1,25284.6,-0.290634625
15-Nov-17,25241.65,25318.05,25166.35,25218.9,-0.259841959
16-Nov-17,25292.9,25496.05,25273.7,25446.6,0.902894258
17-Nov-17,25875.7,25924.9,25679.55,25728.4,1.107417101
20-Nov-17,25733.7,25803.15,25681.7,25768.6,0.156247571
21-Nov-17,25829.3,25871.1,25726.5,25757.5,-0.043075681
22-Nov-17,25805.65,25831.95,25665.85,25766.65,0.035523634
23-Nov-17,25826.3,25838.55,25620.95,25736.25,-0.117981965
24-Nov-17,25776.6,25849,25749.1,25779.65,0.168633736
27-Nov-17,25693.05,25931.85,25673.5,25891.95,0.435614913
28-Nov-17,25830.45,25953.5,25795.5,25846.4,-0.175923405
29-Nov-17,25829.65,25877.75,25746.8,25795.7,-0.196158846
13-Dec-17,25118.2,25270.75,24938.55,25000.35,0
14-Dec-17,25062.4,25205.9,24888.65,25168.2,0.671390601
15-Dec-17,25487.15,25559.05,25411.25,25440.3,1.081126183
18-Dec-17,25181.75,25759.9,24617.15,25594.55,0.606321466
19-Dec-17,25640.9,25757.95,25619.6,25716.2,0.475296499
20-Dec-17,25779.05,25780.05,25566.05,25591.7,-0.484130626
21-Dec-17,25608.25,25629.95,25508.9,25554.3,-0.146141132
22-Dec-17,25615.6,25694.5,25560.5,25648.55,0.368822468
26-Dec-17,25659.75,25712.95,25545.6,25675.25,0.104099452
27-Dec-17,25652.85,25733.2,25429.55,25496.05,-0.697948413
28-Dec-17,25463.6,25561.95,25417.4,25490,-0.023729166
29-Dec-17,25484.85,25566.4,25450.25,25539.45,0.193997646
01-Jan-18,25565.75,25588,25271.55,25318.1,-0.866698382
02-Jan-18,25382.2,25425.5,25232.8,25338.25,0.079587331
03-Jan-18,25425.75,25454.9,25300.9,25318.6,-0.077550739
04-Jan-18,25367.65,25490.35,25310.3,25462.6,0.568751827
05-Jan-18,25524.45,25643.35,25499.55,25601.85,0.546880523
08-Jan-18,25690.25,25771.5,25643.8,25676.1,0.290018104
09-Jan-18,25727.95,25803.8,25617.25,25703.8,0.107882428
10-Jan-18,25709.9,25717.6,25527.5,25617.3,-0.336526117
11-Jan-18,25628.2,25694.65,25532.25,25660.9,0.170197484
12-Jan-18,25732.4,25775.15,25557.6,25749.05,0.343518739
15-Jan-18,25858.15,26091.8,25842.95,26069.2,1.243346842
16-Jan-18,26129.15,26136.4,25931.7,25974.9,-0.361729551
17-Jan-18,25946.15,26335.85,25922.3,26289.1,1.209629296
18-Jan-18,26762.25,26887.65,26423.75,26537.4,0.94449791
19-Jan-18,26615.65,26957.85,26433.55,26909.5,1.402172029
22-Jan-18,26940.5,27074.9,26841.2,27041.2,0.489418235
23-Jan-18,27089.95,27422.05,27066.15,27390.6,1.292102421
24-Jan-18,27310.15,27479.25,27219.45,27398.55,0.029024556
25-Jan-18,27414.1,27522.85,27151.75,27445.65,0.171906907
29-Jan-18,27446.1,27652.05,27407.4,27498.45,0.192380213
30-Jan-18,27466.85,27470.25,27242.05,27269.05,-0.834228838
31-Jan-18,27136.25,27455.75,27116.95,27379.45,0.404854588
15-Feb-18,25360.9,25615.15,25295.15,25424.35,0
16-Feb-18,25511.95,25601,25100.9,25163.9,-1.024411637
19-Feb-18,25324.6,25326.05,24824.55,25058.55,-0.418655296
20-Feb-18,25105.55,25158.1,24829,24874.4,-0.734878914
21-Feb-18,24996.6,24999.7,24796.35,24936.7,0.250458303
22-Feb-18,24812.7,24987.05,24781.7,24955.2,0.074187844
23-Feb-18,25002.25,25345.15,24962.85,25302.5,1.391693915
26-Feb-18,25452,25722.15,25381.2,25687.9,1.523169647
27-Feb-18,25684.6,25723.55,25356.4,25383.6,-1.184604425
28-Feb-18,25116.25,25192.95,24942,25107.4,-1.08810413
01-Mar-18,25022.35,25226.05,24854.4,24902.55,-0.815894915
05-Mar-18,24831.35,24873.05,24682,24818.7,-0.336712505
06-Mar-18,24964.1,25040.25,24362.05,24448.45,-1.491818669
07-Mar-18,24333.85,24373.4,24096.75,24134.1,-1.285766582
08-Mar-18,24273.9,24534.5,24048.55,24477.65,1.423504502
09-Mar-18,24556.95,24564.75,24259.7,24296.45,-0.740267142
12-Mar-18,24443.6,24716.05,24358.5,24664.2,1.513595608
13-Mar-18,24624.6,25009.65,24597.55,24738.65,0.30185451
14-Mar-18,24629.65,24894.3,24487,24851.65,0.456775127
15-Mar-18,24854.3,24939.85,24732,24791.85,-0.240627886
16-Mar-18,24753.65,24785.35,24439.15,24489.55,-1.219352327
19-Mar-18,24530.15,24588.05,24186.95,24245.1,-0.998180857
20-Mar-18,24133.95,24355.65,24082.95,24168.2,-0.317177492
21-Mar-18,24331.3,24459.75,24208.65,24255.6,0.361632227
22-Mar-18,24252.95,24314.4,24094.85,24141.5,-0.470406834
23-Mar-18,23785.65,23796.3,23605.6,23670.4,-1.95141147
26-Mar-18,23674.9,24290.65,23657.05,24244.35,2.424758348
27-Mar-18,24396.4,24496.95,24266.4,24434.15,0.782862811
12-Apr-18,25076.9,25244.8,24969.4,25195.1,0
13-Apr-18,25239.65,25411.3,25076.85,25200.6,0.021829641
16-Apr-18,25082.1,25348.55,25067.35,25320.85,0.477171178
17-Apr-18,25383.75,25402.55,25224,25334.45,0.053710677
18-Apr-18,25426.75,25426.75,25058.75,25102.3,-0.916341188
19-Apr-18,25206.45,25207.3,25049.7,25126.15,0.095011214
20-Apr-18,25126.8,25126.8,24839.3,24943.85,-0.725538931
23-Apr-18,25065.5,25084.15,24466.1,24960.65,0.067351271
24-Apr-18,24972.2,25123.45,24955,25042.1,0.326313618
25-Apr-18,24993.4,24993.4,24734.6,24814.4,-0.909268791
26-Apr-18,24833.2,25064,24753.4,25010.9,0.791878909
27-Apr-18,25030.15,25441.5,25029.65,25394.6,1.534131119
30-Apr-18,25490.15,25617.5,25464.8,25531.6,0.539484772
02-May-18,25607.05,25716.75,25499.35,25568.3,0.14374344
03-May-18,25547.9,25653.45,25469.05,25605.25,0.144514888
04-May-18,25632.3,25680.4,25537.7,25645.4,0.15680378
07-May-18,25676.25,25913.5,25675.15,25852.05,0.805797531
08-May-18,26074.15,26116.25,25954.6,26090.5,0.92236399
09-May-18,25988.1,26206.5,25946.3,26154.45,0.245108373
10-May-18,26216.1,26266.4,26057.2,26131,-0.089659695
11-May-18,26173.7,26437.25,26099.85,26413.15,1.079752019
14-May-18,26404.45,26565.4,26338.05,26475.15,0.234731564
15-May-18,26494.9,26972.05,26407.3,26474,-0.004343696
16-May-18,26269.35,26428.35,26102.15,26182.15,-1.102402357
17-May-18,26233.2,26283.55,26012,26073.8,-0.413831561
18-May-18,26025.6,26032,25839,25875.6,-0.760150036
21-May-18,26017.5,26066.75,25685.35,25750.8,-0.482307657
22-May-18,25780.25,25945.65,25701.35,25777.7,0.104462774
23-May-18,25726.95,25903.9,25622.15,25684.95,-0.35980712
24-May-18,25722.9,26073.1,25658.4,26016.8,1.292001736
25-May-18,26066.75,26325.55,26031.45,26273.55,0.986862335
28-May-18,26291.65,26713.65,26273.9,26614.25,1.2967414
29-May-18,26567.25,26570.95,26221.1,26254.8,-1.350592258
30-May-18,26039.9,26405.45,25980.85,26327.8,0.278044396
13-Jun-18,26721.95,26765.45,26598.2,26642.8,0
14-Jun-18,26612.3,26623.25,26503.1,26562.25,-0.302333088
15-Jun-18,26513.7,26586.4,26344.95,26417.4,-0.54532278
18-Jun-18,26444.3,26477.5,26322.45,26409.3,-0.030661609
19-Jun-18,26448.1,26448.1,26224.75,26265.75,-0.543558519
20-Jun-18,26320.45,26574.75,26309.95,26557.7,1.111523562
21-Jun-18,26645.3,26682.95,26454.95,26496.95,-0.228747218
22-Jun-18,26518.4,26806.55,26364.25,26766.85,1.018607802
25-Jun-18,26718.15,26804.9,26573,26609.7,-0.587106813
26-Jun-18,26495.65,26712.6,26479.65,26601.7,-0.030064225
27-Jun-18,26616.3,26634.3,26336.5,26423.4,-0.670257916
28-Jun-18,26398.1,26487.85,26161,26324.6,-0.373911003
29-Jun-18,26312.7,26465,26291.35,26364.2,0.150429636
02-Jul-18,26364.45,26371.6,26060.6,26230.3,-0.507885693
03-Jul-18,26210.1,26316.1,26142,26204.1,-0.099884485
04-Jul-18,26249.25,26480.5,26132.9,26433.95,0.877152812
05-Jul-18,26481.55,26598.45,26415.2,26503.3,0.262352013
06-Jul-18,26427.55,26609.85,26410,26493.85,-0.035655937
09-Jul-18,26642.35,26781.2,26611.55,26753.3,0.979283872
10-Jul-18,26844.55,26939.55,26778.5,26894.55,0.52797225
11-Jul-18,26900.65,26938.85,26774.6,26816.2,-0.291322963
12-Jul-18,26937.5,27164.8,26936.05,27026.55,0.784413899
13-Jul-18,27046.85,27102.35,26902.3,26935.95,-0.335225917
16-Jul-18,26914.5,26939.05,26643.95,26679.8,-0.950959591
17-Jul-18,26662.85,27041.35,26653.65,27008.1,1.230518969
18-Jul-18,27107.35,27187.15,26834.45,26880.9,-0.47096982
19-Jul-18,26960.2,27025.45,26730.1,26789.65,-0.33946036
20-Jul-18,26764.4,26946.55,26718.6,26873.2,0.311874175
23-Jul-18,26701.3,27040.1,26671.35,27008.15,0.502173169
24-Jul-18,26984.15,27128,26868.15,26974.4,-0.12496228
25-Jul-18,26992.55,27074,26939.35,27031.3,0.210940744
08-Aug-18,27930.55,28128.65,27858.75,28062.45,0
09-Aug-18,28173.65,28363.4,28132,28320,0.917774464
10-Aug-18,28348.95,28377.9,28087.65,28124.25,-0.691207627
13-Aug-18,27760.8,27911.85,27739.5,27794.4,-1.172831276
14-Aug-18,27864.4,28053.05,27854.9,28021.7,0.817790634
16-Aug-18,27836.15,28013.1,27779.5,27826.55,-0.696424557
17-Aug-18,27991.75,28178.15,27953.8,28128.55,1.08529444
20-Aug-18,28171.65,28322.3,28171.65,28274.25,0.517979064
21-Aug-18,28295.85,28305.95,28151.9,28257.9,-0.057826468
23-Aug-18,28321.95,28325.45,27965.35,28027.9,-0.813931679
24-Aug-18,27954.25,28122.75,27782.8,27834.7,-0.689313149
27-Aug-18,27971.25,28317.75,27958.2,28264.2,1.543038007
28-Aug-18,28379.9,28388.65,28152.7,28269.65,0.019282343
29-Aug-18,28233.4,28344.1,28167.8,28224.1,-0.161126862
30-Aug-18,28233.7,28233.7,27961.75,28103.25,-0.428180172
31-Aug-18,27998,28157.35,27940.95,28061.75,-0.147669753
03-Sep-18,28199.45,28203.2,27777.4,27819.5,-0.863274742
04-Sep-18,27845.55,27875.15,27385.85,27430.75,-1.397401104
05-Sep-18,27409.3,27506.3,27136.05,27376.05,-0.199411245
06-Sep-18,27464.25,27552.8,27246.25,27468.7,0.338434508
07-Sep-18,27439.25,27512.5,27232.8,27481.45,0.046416467
10-Sep-18,27395.2,27404.85,27142.55,27201.75,-1.017777446
11-Sep-18,27295.2,27318.45,26772.25,26807.5,-1.44935528
12-Sep-18,26895.15,26895.15,26555.15,26819.2,0.043644502
14-Sep-18,27059.85,27205.75,26989.8,27163.85,1.285086803
17-Sep-18,27002.6,27002.6,26743.4,26820.3,-1.264732356
18-Sep-18,26757,26901.05,26407.45,26441.45,-1.412549449
19-Sep-18,26532,26611.6,26235.7,26277.35,-0.620616494
21-Sep-18,26331.05,26490.4,25053.35,25596.9,-2.589492472
24-Sep-18,25645.05,25649.7,24904.5,24970.35,-2.447757346
25-Sep-18,24947.7,25406.95,24678.25,25330.35,1.441709868
26-Sep-18,25525.1,25525.1,25197.35,25376.3,0.181402942
27-Sep-18,25442.1,25452.5,25007.05,25042.15,-1.31677983
12-Oct-18,25001.95,25484.2,24975.45,25395.85,0
15-Oct-18,25444,25466.2,25147.8,25388.05,-0.03071368
16-Oct-18,25414.2,25707.05,25351.8,25589.65,0.794074378
17-Oct-18,25839.1,25915.35,25101.95,25188.6,-1.567235191
19-Oct-18,24966.5,25277.9,24922.65,25085.8,-0.408121134
22-Oct-18,25484.25,25504.75,25021.35,25078.6,-0.028701496
23-Oct-18,24786.9,25124.6,24784.9,24972.45,-0.423269242
24-Oct-18,25312.7,25356.9,24839.65,25064.2,0.36740488
25-Oct-18,24841.5,24977.35,24696.85,24817.45,-0.984471876
26-Oct-18,24771.85,24771.95,24353.1,24421.05,-1.597263216
29-Oct-18,24647.95,25023.75,24404.55,24959.7,2.205679117
30-Oct-18,24924.75,25121.5,24686.85,24807.75,-0.608781356
31-Oct-18,24823.8,25201.3,24528.35,25153.25,1.392709939
01-Nov-18,25285.2,25401.6,25129.45,25323.65,0.677447248
02-Nov-18,25545.35,25856.25,25499.15,25701.65,1.492675819
05-Nov-18,25731.55,25788.2,25534.4,25732.2,0.118863964
06-Nov-18,25747.4,25860.75,25558.35,25598,-0.521525559
07-Nov-18,25818.1,25824.4,25698.1,25737.5,0.54496445
09-Nov-18,25742.55,25822.75,25598.75,25771,0.130160272
12-Nov-18,25816.15,25907.2,25495.1,25539.75,-0.897326452
13-Nov-18,25422,25796.5,25384.55,25768.6,0.89605419
14-Nov-18,25952.4,26045.05,25806.7,25930.15,0.626925793
15-Nov-18,25946.2,26197.6,25728,26154.75,0.866173161
16-Nov-18,26205.35,26332.75,26122.55,26245.55,0.347164473
19-Nov-18,26364.6,26379.1,26204.35,26300.7,0.21013086
20-Nov-18,26211.5,26259.4,26041.8,26113.35,-0.712338455
21-Nov-18,26105.45,26342.05,26060.55,26262.05,0.569440535
22-Nov-18,26233.65,26323.95,25947.85,25999.45,-0.999921941
26-Nov-18,26096,26396.6,26025.05,26365.6,1.408299022
27-Nov-18,26286.1,26491.25,26268.65,26443.1,0.293943624
28-Nov-18,26489.65,26584.95,26419.65,26457.95,0.056158317
12-Dec-18,26286.25,26672.7,26214.75,26643.85,0
13-Dec-18,26844.15,26951.45,26723.65,26816.35,0.647428956
14-Dec-18,26810.85,26909,26732.7,26826,0.035985509
17-Dec-18,26915.45,27051.4,26908.6,27015.8,0.707522553
18-Dec-18,26917.3,27210.05,26840.8,27174.7,0.588174328
19-Dec-18,27229.05,27364.35,27214.3,27298.4,0.455202817
20-Dec-18,27128.65,27309.1,27084.5,27275.1,-0.085352988
21-Dec-18,27261.25,27369.1,26823.1,26869.65,-1.486520673
24-Dec-18,26877.05,26934.85,26676.95,26714.75,-0.576486854
26-Dec-18,26634,27029.15,26408.15,26986.8,1.018351285
27-Dec-18,27200.65,27239.95,26845.1,26878.55,-0.40112203
28-Dec-18,27048.4,27213.45,27039.6,27125.25,0.917832249
31-Dec-18,27267.8,27286.5,27105,27160.2,0.128846739
01-Jan-19,27231.4,27430.55,27019.05,27392.4,0.854927431
02-Jan-19,27297,27397.55,27077.6,27174.7,-0.794745988
03-Jan-19,27181.6,27206.2,26923.75,26959.85,-0.790625103
04-Jan-19,26999.7,27274.5,26926.1,27195,0.872222954
07-Jan-19,27378.65,27477.8,27279.55,27304.55,0.402831403
08-Jan-19,27301.9,27542.4,27161.95,27509.5,0.750607499
09-Jan-19,27651.25,27754.45,27409.5,27720.4,0.76664425
10-Jan-19,27713.55,27713.55,27488.2,27528.55,-0.69208958
11-Jan-19,27602.8,27612.45,27382.45,27453.9,-0.271173019
14-Jan-19,27389.2,27389.8,27182.2,27248.25,-0.749073902
15-Jan-19,27317.55,27447.55,27317.1,27400.75,0.55966897
16-Jan-19,27405.65,27554.75,27403.05,27483.7,0.30272894
17-Jan-19,27568.6,27611.55,27335.15,27528.75,0.163915339
18-Jan-19,27550.05,27576.45,27410.65,27456.7,-0.261726377
21-Jan-19,27514.55,27622.2,27388.5,27533.6,0.280077358
22-Jan-19,27526.55,27533.35,27385.4,27482.25,-0.186499404
23-Jan-19,27493.1,27564.7,27189.6,27250.75,-0.842361888
24-Jan-19,27273.5,27342.35,27142.8,27266.4,0.057429612
25-Jan-19,27261.45,27433.55,27045.2,27115.3,-0.554161899
28-Jan-19,27041.45,27134.2,26587.95,26653.05,-1.704757093
29-Jan-19,26616.25,26743.85,26441.55,26573.4,-0.298840095
30-Jan-19,26789.75,26916.25,26693.7,26825.5,0.948693054
31-Jan-19,26969.15,27325.05,26891.05,27295.45,1.751877877
14-Feb-19,26978,27030,26818.05,26970.6,0
15-Feb-19,27017.2,27029.95,26635.25,26794.25,-0.653860129
18-Feb-19,26754.6,26829.95,26617.7,26654.25,-0.522500163
19-Feb-19,26666.55,26996.45,26625.6,26684.85,0.114803455
20-Feb-19,26786,26985.5,26732.65,26955.5,1.014245911
21-Feb-19,26994.75,27100.9,26973,27052.4,0.359481367
22-Feb-19,26960.05,26997.35,26847.8,26867.55,-0.683303515
25-Feb-19,26934.2,27197.1,26932.65,27159.25,1.085696314
26-Feb-19,26853.8,27127.25,26736.6,26952.95,-0.759593877
27-Feb-19,27078.1,27189.45,26719.4,26799.3,-0.570067469
28-Feb-19,26878,26920.5,26762.55,26789.9,-0.035075543
01-Mar-19,26941,27076.55,26928.9,27043.9,0.948118507
05-Mar-19,27068.15,27580.75,26958.1,27554.05,1.886377335
06-Mar-19,27618.1,27681.65,27492.05,27625.65,0.259852907
07-Mar-19,27661,27815.5,27560,27764.6,0.502974591
08-Mar-19,27686.15,27811.35,27645.4,27761.8,-0.010084784
11-Mar-19,27840.1,28035.6,27791.25,27966.65,0.737884431
12-Mar-19,28168.2,28488.1,28142.25,28443.7,1.705781708
13-Mar-19,28480.3,28927.7,28353.65,28884.3,1.549024916
14-Mar-19,29028.9,29070.35,28819.75,28923.1,0.13432903
15-Mar-19,29007,29520.7,28990.85,29381.45,1.58471948
18-Mar-19,29521.6,29812,29361.65,29596.1,0.730562991
19-Mar-19,29702.6,29799.75,29547.7,29767.85,0.580312947
20-Mar-19,29769.65,29885.2,29633.5,29832.2,0.216172817
22-Mar-19,29920.75,30008.1,29508.7,29582.5,-0.837015037
25-Mar-19,29329.4,29329.4,29156.25,29281.2,-1.018507564
26-Mar-19,29300.4,29950.15,29278.5,29882.15,2.052340751
27-Mar-19,30034.15,30262.55,29790.25,30019.8,0.460642892
28-Mar-19,30064.8,30496.05,29969.1,30420.55,1.334952265
11-Apr-19,29841.85,29852.25,29640.25,29786.1,0
12-Apr-19,29780.55,30000.95,29707,29938.55,0.511815914
15-Apr-19,29983.5,30163.1,29919.1,30104.25,0.553467018
16-Apr-19,30236.25,30590.95,30228.2,30531.35,1.418736557
18-Apr-19,30656.5,30669.8,30142.2,30223.4,-1.008635386
22-Apr-19,30282.5,30289.9,29647.55,29687.95,-1.771640517
23-Apr-19,29761.95,29906.5,29455.45,29479.7,-0.701463052
24-Apr-19,29550.5,29914.85,29435.05,29860.8,1.292753997
25-Apr-19,29927.05,30057.7,29511.95,29561.35,-1.00281975
26-Apr-19,29764.85,30048.2,29563.15,30013.5,1.529530958
30-Apr-19,29920.4,29920.4,29550.05,29764.8,-0.828627118
02-May-19,29699.8,29919.35,29638.8,29708.6,-0.188813632
03-May-19,29811.65,30121.75,29795.1,29954.15,0.826528345
06-May-19,29626.5,29757.4,29528.6,29618.45,-1.120712823
07-May-19,29749.55,29835.5,29244.25,29288.2,-1.115014459
08-May-19,29261.3,29261.3,28951.35,28994.4,-1.003134368
09-May-19,28893.95,29040.3,28784.65,28884.6,-0.378693817
10-May-19,28927.6,29202.85,28900.1,29040.5,0.539733976
13-May-19,29026.65,29049.05,28621.1,28659.95,-1.310411322
14-May-19,28718.75,29058.3,28582.6,28829.2,0.590545343
15-May-19,28925.45,28983.15,28555.15,28616.45,-0.737967061
16-May-19,28625.9,28947.6,28525.45,28855.3,0.834659785
17-May-19,28881.4,29559.45,28856,29450.15,2.061493036
20-May-19,30230.4,30827.85,30111.2,30759.7,4.446666655
21-May-19,30862.1,30926.7,30265.1,30308.4,-1.467179459
22-May-19,30410.65,30675.1,30268.6,30526.8,0.720592311
23-May-19,30962.8,31705,30292.35,30409.1,-0.38556285
24-May-19,30685.5,31275.4,30564.4,31212.55,2.642136729
27-May-19,31234.9,31700.75,31142.5,31647.65,1.393990558
28-May-19,31711.3,31712.4,31328.6,31597.9,-0.157199666
29-May-19,31459.25,31546.75,31257.9,31295.55,-0.956867387
13-Jun-19,30876.75,31036.9,30638.25,30976.1,0
14-Jun-19,30983.45,31032.65,30508.95,30614.35,-1.167835848
17-Jun-19,30652,30684.05,30249.4,30273.25,-1.114183381
18-Jun-19,30299.45,30550.65,30222.85,30351,0.256827397
19-Jun-19,30526.5,30699.15,30242,30362.1,0.036572106
20-Jun-19,30390.2,30824.55,30220.7,30781.1,1.380009947
21-Jun-19,30804.95,30804.95,30541.5,30628.35,-0.496246073
24-Jun-19,30680.95,30783.65,30528,30602.05,-0.085868158
25-Jun-19,30567.65,30913.25,30451.4,30847.05,0.80059996
26-Jun-19,30809.2,31202.7,30766.65,31162.35,1.02213988
27-Jun-19,31192.1,31490.6,31158.8,31269.5,0.343844415
28-Jun-19,31281,31308.9,31060.6,31105.2,-0.52543213
01-Jul-19,31271,31450.35,31246.45,31372.2,0.858377377
02-Jul-19,31414.65,31431.35,31105.1,31283.3,-0.283371903
03-Jul-19,31347.7,31467.15,31238.5,31382.3,0.316462777
04-Jul-19,31471,31608.35,31428.05,31471.85,0.285351934
05-Jul-19,31523.05,31660.75,31323.25,31475.8,0.012550899
08-Jul-19,31346.85,31370.4,30536.75,30603.85,-2.770223473
09-Jul-19,30533.4,30702.1,30346.7,30569.15,-0.113384427
10-Jul-19,30618.05,30728.35,30428.6,30522.1,-0.153913341
11-Jul-19,30707,30788.05,30565.35,30716.55,0.637079362
12-Jul-19,30789.75,30870.95,30548.3,30601.45,-0.374716562
15-Jul-19,30688.85,30695.7,30334.2,30445.95,-0.508145856
16-Jul-19,30532.65,30635,30429.9,30570.8,0.410070962
17-Jul-19,30622.25,30799.7,30568.3,30735.5,0.538749395
18-Jul-19,30705.8,30769.35,30378.6,30430.6,-0.992012494
19-Jul-19,30515.1,30543.75,29705.75,29770.35,-2.169691035
22-Jul-19,29617.05,29635.15,29194.1,29284.95,-1.630481335
23-Jul-19,29342.45,29365.8,29078.15,29128.1,-0.535599344
24-Jul-19,29085.45,29252.4,28871,28952.25,-0.603712566
25-Jul-19,28981.05,29240.8,28931.05,29043.05,0.31361984
26-Jul-19,29062.5,29379.1,28994.5,29325.3,0.971833192
29-Jul-19,29583.45,29592.95,29104.85,29295.9,-0.100254729
30-Jul-19,29434.85,29530.3,28737.8,28791.6,-1.721401288
31-Jul-19,28575.45,28979.75,28529.75,28876,0.293141055
16-Aug-19,27920.3,28251.05,27720.95,28217,0
19-Aug-19,28331.25,28468.9,28146.5,28186.1,-0.109508452
20-Aug-19,28163.55,28215.4,27839.65,27982.45,-0.722519256
21-Aug-19,28021,28098.9,27666.2,27719.05,-0.941304282
22-Aug-19,27690.05,27690.05,26975.55,27034.2,-2.470683519
23-Aug-19,26835.35,27207.3,26560.6,26958.65,-0.279460831
26-Aug-19,27663.95,27995.25,26859.35,27951.35,3.68230605
27-Aug-19,28106.3,28277.7,27960.8,28126.15,0.625372299
28-Aug-19,28080.25,28095.55,27634.65,27804.3,-1.144308766
29-Aug-19,27694.95,27719.05,27239.95,27305.2,-1.79504609
30-Aug-19,27407.9,27586.5,27121.95,27427.85,0.449181841
03-Sep-19,27239.2,27247.05,26742.6,26824.15,-2.201047475
04-Sep-19,26785.95,27278.7,26641.35,27123.85,1.117276782
05-Sep-19,27086.95,27243.95,26815.4,26919.7,-0.752658638
06-Sep-19,26986.5,27311.05,26950.55,27247.9,1.219181492
09-Sep-19,27240.35,27565.55,26993.9,27504.65,0.942274451
11-Sep-19,27639.05,27829.65,27551.65,27776.2,0.987287604
12-Sep-19,27870.8,28062.3,27764.7,27818.5,0.15228865
13-Sep-19,27772,28126.85,27573.45,28098.75,1.007423118
16-Sep-19,27868,28066.7,27798.85,27855,-0.867476311
17-Sep-19,27765.1,27851.4,27047.95,27131.75,-2.596481781
18-Sep-19,27304.7,27414.45,27088.8,27172.65,0.150745897
19-Sep-19,27175.45,27175.45,26643,26757.65,-1.527270988
20-Sep-19,26878.65,29418.95,26727.55,28981.55,8.311267993
23-Sep-19,30039.4,30801.3,29776.3,30566.2,5.46778899
24-Sep-19,30432,30668.1,29889.55,30183.1,-1.253345198
25-Sep-19,30029.05,30067.6,29470.1,29586.05,-1.978093701
26-Sep-19,29640.55,30718.35,29627,30002.6,1.407927047
14-Oct-19,28238.5,28553.4,28043.25,28181.95,0
15-Oct-19,28257.85,28694.85,28186.25,28555.1,1.324074452
16-Oct-19,28689.45,28759.35,28305.4,28538.8,-0.057082623
17-Oct-19,28596.35,29049.05,28487.95,28989.45,1.579078307
18-Oct-19,28954.8,29249.5,28864.1,29120.25,0.451198626
22-Oct-19,29416.25,29690,29231.2,29411.15,0.998961204
23-Oct-19,29478.85,29643.8,29214.05,29459.6,0.164733443
24-Oct-19,29604.35,29693.25,28994.2,29107.95,-1.193668617
25-Oct-19,29228.65,29452.1,28923.8,29395.95,0.989420416
27-Oct-19,29605.4,29644.45,29446.8,29516.3,0.40941014
29-Oct-19,29527.6,29997.65,29385.45,29873.05,1.208654201
30-Oct-19,30005.7,30151.1,29753,29987.5,0.383121241
31-Oct-19,30168.65,30415.65,29987.15,30066.25,0.262609421
01-Nov-19,30196.15,30409,30028.9,30330.55,0.879058745
04-Nov-19,30415.9,30607.05,30227.25,30333.1,0.008407365
05-Nov-19,30403.25,30452.7,30091.35,30219.85,-0.37335452
06-Nov-19,30225.2,30699,30013.65,30609.6,1.289715204
07-Nov-19,30722.6,30821.35,30462.55,30633.15,0.076936647
08-Nov-19,30571.3,31108.4,30504.05,30749.4,0.379490846
11-Nov-19,30664.65,31205.2,30625.8,31115.55,1.190754942
13-Nov-19,31084.75,31198.5,30488.1,30541.55,-1.844736796
14-Nov-19,30615.8,30789.2,30338.35,30749.95,0.682349128
15-Nov-19,30912.4,31165.45,30860.7,31008.4,0.840489172
18-Nov-19,31036.8,31203.55,30901.85,30992.1,-0.052566401
19-Nov-19,31045.15,31298.05,30974.3,31236.25,0.787781402
20-Nov-19,31292.35,31471.65,31205.55,31353.85,0.376485654
21-Nov-19,31413.25,31463.15,31243,31349.95,-0.012438664
22-Nov-19,31389.6,31394.2,31055.2,31111.6,-0.760288294
25-Nov-19,31065.1,31591.6,31049.75,31555.9,1.428084702
26-Nov-19,31692.85,31850.35,31465.85,31718.35,0.514800719
27-Nov-19,31832.75,31916.8,31734.5,31875.95,0.496873261
28-Nov-19,31981.7,32157.05,31905.9,32122.95,0.774878866
12-Dec-19,31356.8,31711.45,31352.1,31665.45,0
13-Dec-19,31775.55,32105.05,31770.5,32014.25,1.101516006
16-Dec-19,32159,32186.95,31897.75,31974.2,-0.125100541
17-Dec-19,32082.4,32213.35,31987.35,32140.25,0.519324956
18-Dec-19,32292.25,32293.65,32017.3,32244.25,0.323581802
19-Dec-19,32281.65,32328.35,32085.05,32241.45,-0.008683719
20-Dec-19,32266.85,32443.35,32199.45,32384.95,0.445079238
23-Dec-19,32381,32502.8,32196.85,32339.45,-0.140497361
24-Dec-19,32337.8,32390.35,32246.05,32280.75,-0.181512054
26-Dec-19,32276.15,32314.6,31963.25,31997.7,-0.876838363
27-Dec-19,32142.5,32444.85,32056.25,32412.35,1.295874391
30-Dec-19,32486.6,32613.1,32248.5,32354.9,-0.177247253
31-Dec-19,32345.95,32345.95,32108.75,32161.65,-0.597282019
01-Jan-20,32237.9,32348,32057.2,32102.9,-0.182670976
02-Jan-20,32133.15,32465.45,32121.4,32443.85,1.062053584
03-Jan-20,32326.95,32329.8,31960.4,32069.25,-1.154610196
06-Jan-20,31910.45,31914.45,31170.55,31237.15,-2.594697413
07-Jan-20,31598.05,31851.45,31200.9,31399.4,0.519413583
08-Jan-20,30995.5,31451.85,30899.55,31373.65,-0.082007936
09-Jan-20,31748.25,32172.7,31667.15,32092.4,2.290935227
10-Jan-20,32215.7,32347.2,31953.4,32097.4,0.015580013
13-Jan-20,32139.1,32322.65,32074.05,32177.65,0.250020251
14-Jan-20,32196.45,32196.45,31989.2,32071.65,-0.329421198
15-Jan-20,31994.75,32000.9,31670.35,31824.9,-0.76937108
16-Jan-20,31810.55,31988.9,31692.4,31853.9,0.091123617
17-Jan-20,31571.65,31773.55,31445.5,31590.65,-0.826429417
20-Jan-20,31923.95,31923.95,31050.95,31080.65,-1.61440173
21-Jan-20,30978.85,31171.25,30858.6,30947.55,-0.428240722
22-Jan-20,31061.6,31149.05,30614,30701.45,-0.795216423
23-Jan-20,30742.2,31087.25,30621.35,31004.05,0.9856212
24-Jan-20,31040.1,31375.45,30879.05,31241.75,0.766674031
27-Jan-20,31110.55,31227.05,30808.55,30837.4,-1.294261685
28-Jan-20,30922,31048.45,30656.35,30761.4,-0.246453981
29-Jan-20,30915.1,31082.85,30835.8,30877,0.37579564
30-Jan-20,30889.25,30909.5,30521.3,30647.4,-0.743595557
31-Jan-20,30950.5,31033.45,30691.8,30833.6,0.607555616
13-Feb-20,31586.55,31649.45,31180.6,31230.25,0
14-Feb-20,31281.85,31436.65,30776.1,30834.8,-1.266240264
17-Feb-20,30873.85,30998.15,30630.5,30680.7,-0.499760011
18-Feb-20,30661.5,30692.75,30252.45,30562.5,-0.385258485
19-Feb-20,30905,30947.15,30606.15,30838.2,0.90208589
20-Feb-20,30862.3,31085.3,30702.45,30942.85,0.339351843
24-Feb-20,30666.35,30702.15,30428,30455.1,-1.576293069
25-Feb-20,30517,30610.7,30329.95,30432.7,-0.0735509
26-Feb-20,30279.95,30515.35,30131.75,30306.85,-0.41353544
27-Feb-20,30270,30271.95,29914.15,30187,-0.395455153
28-Feb-20,29501.55,29564.1,29051.5,29147.15,-3.444694736
02-Mar-20,29701,29791.15,28571.7,28868.4,-0.956354223
03-Mar-20,29012.55,29285.35,28749.55,29177.05,1.069162129
04-Mar-20,29252.95,29273.65,28125.15,28653.7,-1.793704298
05-Mar-20,28830.3,29134.3,28535.6,28815.35,0.564150529
06-Mar-20,27649.95,28047.2,27162.3,27801.45,-3.51861074
09-Mar-20,27031.45,27091.6,25923.4,26462.6,-4.815756013
11-Mar-20,26272.75,26791.45,26234.1,26487.8,0.095228738
12-Mar-20,25175.9,25223.1,23536.35,23971.15,-9.501166575
13-Mar-20,22720.75,25670.75,21351.7,25166.45,4.986410748
16-Mar-20,24061.6,24074.15,23008.25,23101.15,-8.206560719
17-Mar-20,23348.05,23449.5,22002,22155.15,-4.09503423
18-Mar-20,22411.85,22544.05,20267.95,20580.2,-7.108730927
19-Mar-20,19428.95,21035.05,18675.65,20083.5,-2.413484806
20-Mar-20,19898.3,20924.55,19265,20317.6,1.16563348
23-Mar-20,18311.3,18895.65,16791.05,16917.65,-16.73401386
24-Mar-20,17705.85,17841.4,16116.25,17107.3,1.121018581
17-Apr-20,20394.75,20866.55,19729.3,20681.45,0
20-Apr-20,21104.7,21122.1,20444.25,20522.65,-0.767837845
21-Apr-20,19812.05,19891.45,19247.95,19409.35,-5.424738033
22-Apr-20,19306.95,19806.35,19051.95,19701.85,1.507005644
23-Apr-20,19871.35,20356.5,19584.4,20267.95,2.87333423
24-Apr-20,19697.65,19950.15,19515.4,19586.65,-3.361464776
27-Apr-20,19870.8,20224.75,19847.65,20081.15,2.524678799
28-Apr-20,20436.6,20751.3,20260.8,20671.1,2.937829756
29-Apr-20,20440.4,21348.15,20393.65,21090.2,2.027468301
30-Apr-20,21589.2,21967,21353.65,21534.5,2.106665655
04-May-20,20514.75,20530.45,19643.6,19743.75,-8.315725928
05-May-20,20147.3,20223.15,19212.35,19271.75,-2.390629946
06-May-20,19302.45,19806.6,18941,19694.55,2.193884831
07-May-20,19536.05,19757.25,19332.15,19491.8,-1.029472621
08-May-20,19844,19969.6,19285.05,19352.9,-0.712607353
11-May-20,19610.45,19733.4,18900.9,18950.5,-2.079274941
12-May-20,18751.4,18993.4,18287,18862.85,-0.462520778
13-May-20,20017.75,20122.25,19429.9,19634.95,4.093230874
14-May-20,19197.7,19380.1,19024.75,19068.5,-2.884906761
29-May-20,18962,19358.05,18729.9,19297.25,0
01-Jun-20,19728.9,20225.35,19632.9,19959.9,3.433908977
02-Jun-20,20120.6,20615.75,19852.55,20530.2,2.857228744
03-Jun-20,20966.6,21619.55,20822,20940.7,1.999493429
04-Jun-20,20932.35,21141.8,20316.2,20390.45,-2.627658101
05-Jun-20,20516.4,21198.7,20425.05,21034.5,3.158586495
08-Jun-20,21636.1,21807.4,20911.25,21187.35,0.726663339
09-Jun-20,21295.5,21568.85,20629.7,20724.9,-2.18267032
10-Jun-20,20760.95,21251.45,20671.55,21100.1,1.81038268
11-Jun-20,21084.7,21244.45,20458.3,20525.15,-2.724868603
12-Jun-20,19529.3,20747.7,19526.1,20654.55,0.630446063
15-Jun-20,20457.15,20470.85,19740.2,19912.9,-3.590734245
16-Jun-20,20500.65,20638.85,19507.05,20296.7,1.9273938
17-Jun-20,20137.45,20627.9,19978.15,20201.75,-0.467810038
18-Jun-20,20137.6,21028.35,20030.35,20956.3,3.735072457
19-Jun-20,20970.1,21467.65,20878.25,21338.1,1.821886497
22-Jun-20,21491.55,22078.25,21425.55,21708.35,1.735159175
23-Jun-20,21859.25,22322.3,21647.8,22264.9,2.563760028
24-Jun-20,22479.35,22479.55,21336.35,21426.8,-3.764220814
25-Jun-20,21218.05,21703.5,20926.45,21506.15,0.370330614
26-Jun-20,21735.05,21784.65,21320.1,21592.05,0.399420631
29-Jun-20,21291.55,21440.05,21026.45,21359,-1.079332439
30-Jun-20,21524.3,21650.5,21212,21370.15,0.052202818
01-Jul-20,21354.1,22061.6,21281.85,21977.6,2.842516314
02-Jul-20,22133.8,22344.85,21890.5,21953.2,-0.111022132
03-Jul-20,22101.75,22130.3,21768,21852.4,-0.459158574
06-Jul-20,22270.95,22399.25,22171.05,22198.95,1.585866999
07-Jul-20,22254.3,22674.5,22040.35,22628,1.932749071
08-Jul-20,22700.9,23080.6,22499.5,22584.65,-0.191576807
09-Jul-20,22753.15,22998.3,22673.4,22907.2,1.428182416
10-Jul-20,22720.95,22835.2,22320.05,22398.45,-2.220917441
13-Jul-20,22613.25,22657.4,21981.65,22089.25,-1.380452665
14-Jul-20,21877.6,21909.7,21222.45,21392.2,-3.155607366
15-Jul-20,21634.25,21935.5,21230.55,21340.75,-0.240508223
16-Jul-20,21453.25,21671.25,21027.85,21597.15,1.201457306
17-Jul-20,21608.05,22065,21550.8,21966.8,1.711568425
20-Jul-20,22307.3,22520.45,22187.8,22321.85,1.616302784
21-Jul-20,22639.85,22861.9,22597.95,22782,2.06143308
22-Jul-20,23159,23211.35,22658.2,22882.6,0.441576683
23-Jul-20,22854.85,23122.35,22734.9,23083.9,0.879707726
24-Jul-20,22853.2,22854.05,22417.2,22662.05,-1.827464163
27-Jul-20,22664.6,22668.05,21801.35,21848.75,-3.588819193
28-Jul-20,21940.15,22233,21611.4,22105.2,1.173751359
29-Jul-20,22075,22346.4,21906.35,22076.6,-0.129381322
30-Jul-20,22195.05,22252.6,21580.15,21646.85,-1.946631275
13-Aug-20,22395.2,22439.95,22139.6,22196.35,0
14-Aug-20,22334.95,22334.95,21459.1,21679.4,-2.328986523
17-Aug-20,21906.95,21909.4,21403.15,21700.85,0.098941853
18-Aug-20,21702,22227.75,21629.4,22170.6,2.164661753
19-Aug-20,22315.4,22419.35,22234.25,22285.9,0.520058095
20-Aug-20,21989.9,22079.9,21886.7,21999.45,-1.285341853
21-Aug-20,22190.7,22344.05,22165.05,22299.6,1.364352291
24-Aug-20,22436.85,22897.5,22410.05,22833,2.391971156
25-Aug-20,22973.4,23180.3,22857.9,23092.15,1.134980073
26-Aug-20,23175.55,23453.4,23093.15,23414.2,1.394629777
27-Aug-20,23511.45,23704.05,23464.15,23600.35,0.795030366
28-Aug-20,23635.3,24611.8,23599.2,24523.8,3.912865699
31-Aug-20,25038.8,25232.6,23385.3,23754.35,-3.137564325
01-Sep-20,23893.8,24199.65,23473.15,23812,0.242692391
02-Sep-20,23769,23926.15,23482.55,23874.55,0.262682681
03-Sep-20,23986.15,24051.6,23451.65,23530.85,-1.439608286
04-Sep-20,23119.15,23394.8,22876.9,23011.5,-2.207102591
07-Sep-20,23036.25,23109.1,22716.25,22945.05,-0.288768659
08-Sep-20,22971.2,23064.15,22641.4,22744.4,-0.874480552
09-Sep-20,22486.7,22554.6,22080.4,22267,-2.09897821
10-Sep-20,22466.55,22678.65,22225.25,22466.2,0.894597386
11-Sep-20,22509.95,22668.75,22205.95,22479.95,0.061203052
14-Sep-20,22683.35,22757.3,22028.15,22101.25,-1.684612288
15-Sep-20,22202.8,22514.15,22062.35,22465.65,1.648775522
16-Sep-20,22476.3,22659.4,22216.5,22573.55,0.480288796
17-Sep-20,22352,22504.45,22267.05,22320.35,-1.121666729
18-Sep-20,22439.35,22469.4,21784.9,22031.05,-1.296126629
21-Sep-20,21983.4,22098.85,21274.3,21366.8,-3.015062832
22-Sep-20,21445.25,21473.35,20958.45,21139.1,-1.065671977
23-Sep-20,21350.8,21365.05,20821,21178.5,0.186384472
24-Sep-20,20898.8,20955.6,20404.9,20456.85,-3.407465118
25-Sep-20,20740.8,21064.3,20430.7,20982.35,2.568821691
28-Sep-20,21152.05,21708.85,21055.1,21665.5,3.255831687
29-Sep-20,21770.9,21811.5,21280.6,21411.3,-1.173293947
30-Sep-20,21405.25,21549.35,21128.5,21451.8,0.189152457
01-Oct-20,21685.25,22293.75,21664.15,22246,3.702253424
16-Oct-20,23219.85,23646.2,23148.95,23533.25,0
19-Oct-20,23902.9,24320.95,23754.85,24266.75,3.116866561
20-Oct-20,24117.35,24410.9,24039.85,24311.8,0.185644967
21-Oct-20,24444.2,24823.6,24099.85,24635.05,1.329601264
22-Oct-20,24447.35,24691.15,24250.2,24484.15,-0.612541886
23-Oct-20,24669.2,24764.15,24360.85,24478.3,-0.023893008
26-Oct-20,24525.8,24577.3,23867.75,24075.45,-1.645743373
27-Oct-20,24288.05,24809.65,23924.2,24769.5,2.882812159
28-Oct-20,24737.85,24780.7,24057.95,24232.5,-2.167988857
29-Oct-20,24063.5,24339.1,23822.05,24092,-0.579799856
30-Oct-20,24090.15,24277.35,23612.7,23900.9,-0.793209364
02-Nov-20,24367.6,25139,24120.6,24892.5,4.148797744
03-Nov-20,25108,25760.7,25085.7,25682.8,3.174851863
04-Nov-20,25539.55,25891,25142,25771.6,0.345756693
05-Nov-20,26174.8,26375.2,26000.05,26313.1,2.101150103
06-Nov-20,26274.1,26853.45,26135.3,26798.95,1.846418704
09-Nov-20,27088.95,27595,27068.95,27534.1,2.743204491
10-Nov-20,28039.45,28802.5,27916.9,28606,3.892990873
11-Nov-20,28713.15,29030.9,28211.1,28845,0.835489058
12-Nov-20,28633.75,28672.9,28066.05,28278.8,-1.962905183
13-Nov-20,28108.7,28520.55,27703.3,28465.7,0.660919134
14-Nov-20,28685.7,28752.45,28431.85,28594.3,0.451771781
17-Nov-20,28792.25,29239.25,28722.9,29181.3,2.052856688
18-Nov-20,29107.9,29784.75,29056.75,29749.85,1.948336777
19-Nov-20,29302.6,29627.2,28819.55,28903.05,-2.846400906
20-Nov-20,28935.75,29406.7,28580.9,29236,1.151954552
23-Nov-20,29432.8,29492.3,28852.9,29024.2,-0.724449309
24-Nov-20,29265.6,29827.8,29206.75,29737.25,2.456742994
25-Nov-20,30021.9,30197.85,29132.3,29196.4,-1.818762663
26-Nov-20,29370.4,29623,28923.1,29549.75,1.210251949
11-Dec-20,30555.3,30811.8,30328.45,30604.85,0
14-Dec-20,30735.15,30845.8,30624.25,30745.9,0.460874665
15-Dec-20,30805.4,30805.85,30345.75,30691.05,-0.17839777
16-Dec-20,30920.35,30932.25,30587.1,30698.4,0.02394835
17-Dec-20,30791.2,30945.2,30643.9,30847.05,0.484227191
18-Dec-20,30841.85,30854.05,30374.5,30714.65,-0.429214463
21-Dec-20,30595.8,30607.5,29201.2,29456.45,-4.096416531
22-Dec-20,29607.5,29711.15,28976.75,29625.95,0.575425756
23-Dec-20,29560.75,29941.4,29446,29883.3,0.868664127
24-Dec-20,30071.65,30545.85,30007.8,30402.2,1.736421346
28-Dec-20,30558.85,30929.05,30538.15,30880.95,1.574721566
29-Dec-20,31006.9,31359.35,31002.6,31322.5,1.429845908
30-Dec-20,31479.8,31510.25,31007.15,31303.05,-0.062095937
31-Dec-20,31295.9,31409.5,31088.1,31264.05,-0.124588499
01-Jan-21,31297.3,31384.35,31188.25,31225.85,-0.122185066
04-Jan-21,31485.15,31489.6,30893.65,31212.45,-0.042913163
05-Jan-21,31041.1,31767.65,30935.55,31722.25,1.6333226
06-Jan-21,31839.95,31982.3,31548.15,31797.9,0.238476148
07-Jan-21,32129.8,32177.4,31911.5,31956,0.497202645
08-Jan-21,32298.05,32298.05,32002.95,32084.2,0.401176618
11-Jan-21,32280.3,32288.45,31836.95,31998.9,-0.265862948
12-Jan-21,31835.05,32397.95,31725.85,32339,1.062849035
13-Jan-21,32546.6,32683.5,32148.25,32574.65,0.728686725
14-Jan-21,32526.7,32718.95,32442.35,32519.75,-0.168535963
15-Jan-21,32508.9,32544.8,32044.35,32246.8,-0.839336096
18-Jan-21,32275.15,32441.5,31650.9,31811.75,-1.349126115
19-Jan-21,32082.9,32464.95,31863.95,32424.85,1.927275299
20-Jan-21,32388.95,32607.45,32322.9,32543.7,0.366539861
21-Jan-21,32732.8,32842.3,31985.55,32186.9,-1.096371955
22-Jan-21,32088,32131.4,31119.9,31167.25,-3.167903712
25-Jan-21,31507.15,31697.55,31013.65,31198.4,0.099944653
27-Jan-21,31236.25,31287.05,30165.65,30284.55,-2.929156623
28-Jan-21,29812.3,30464.4,29687.7,30358.3,0.243523513
29-Jan-21,30700.65,31111.95,30254.55,30565.5,0.682515161
12-Feb-21,35736.6,36322.8,35700.25,36108.9,0
15-Feb-21,36501.4,37449.9,36405.1,37306.25,3.315941499
16-Feb-21,37492.6,37708.75,36762.75,37098.4,-0.55714525
17-Feb-21,37041.95,37331.45,36764.25,36910.95,-0.505277856
18-Feb-21,37088.75,37108.75,36367.45,36587,-0.877652837
19-Feb-21,36371.55,36656.2,35584.6,35841.6,-2.037335666
22-Feb-21,35874.3,36128.9,35097.55,35257.2,-1.630507567
23-Feb-21,35540.55,35680.85,34976,35116.95,-0.397791089
24-Feb-21,35205.4,36567.65,35060.65,36452.3,3.802579666
25-Feb-21,36763.15,37232.2,36494,36549,0.265278185
26-Feb-21,35806.65,35902.9,34658.7,34803.6,-4.775506854
01-Mar-21,35374.25,35581.1,34983.75,35296,1.414796171
02-Mar-21,35458.15,35747.05,35002.45,35419.7,0.350464642
03-Mar-21,35754.45,36455.15,35570.55,36368.05,2.677464801
04-Mar-21,35575.65,36316.4,35519.25,35802.5,-1.555073753
05-Mar-21,35458.5,35616.05,34893.25,35228.15,-1.604217583
08-Mar-21,35462.45,35827.3,35090.75,35275.75,0.135119216
09-Mar-21,35705.9,36077.8,35544.95,35865.65,1.672253602
10-Mar-21,36112.25,36176.9,35764.35,35938.3,0.202561504
12-Mar-21,36497.35,36497.35,35188.05,35496.65,-1.228911774
15-Mar-21,35544.25,35544.25,34430.65,35182.55,-0.884872234
16-Mar-21,35352,35405.05,34744.6,34804.6,-1.07425414
17-Mar-21,34905.05,35100.5,34126.85,34229.25,-1.653086086
18-Mar-21,34577.5,34759.85,33597.55,33856.8,-1.088104472
19-Mar-21,33590.4,34355.4,33361,34161.6,0.900262281
22-Mar-21,34088.4,34148.9,33389.15,33603.45,-1.633852044
23-Mar-21,33747.95,34360.05,33622,34184.4,1.728840342
24-Mar-21,33894.7,33970.65,33203.4,33293.25,-2.606890862
25-Mar-21,33420.75,33550.15,32415.25,33006.45,-0.861435877
26-Mar-21,33605.05,33610.65,33166.1,33318.2,0.94451236
30-Mar-21,33615.9,33990.8,33564.55,33875.1,1.671458842
15-Apr-21,31929.1,32187.05,31406.4,32112.85,0
16-Apr-21,32161.45,32325.15,31911.9,31977.45,-0.421638067
19-Apr-21,30993.45,31304.3,30405.65,31208.4,-2.404976007
20-Apr-21,31568.95,31731.65,30891,31112.7,-0.30664821
22-Apr-21,30763.5,31834.5,30555.25,31782.6,2.153140036
23-Apr-21,31490.6,32148.4,31377.15,31722.3,-0.189726454
26-Apr-21,32316.65,32603.7,32144.8,32275.15,1.742780315
27-Apr-21,32228.95,32807.1,32152.95,32735.35,1.425864791
28-Apr-21,32865.5,33777.7,32840.3,33722.8,3.016463853
29-Apr-21,33901.6,34287,33304.6,33714.5,-0.024612428
30-Apr-21,33112.4,33455.25,32663.4,32781.8,-2.766465467
03-May-21,32368.55,32566.6,31906.55,32465.75,-0.964102032
04-May-21,32610.4,33011.55,32191.4,32270.35,-0.601865042
05-May-21,32577.1,32862.15,32068.55,32783.7,1.590779152
06-May-21,32900.75,32956.35,32564,32827.8,0.134518068
07-May-21,33041.65,33259.15,32771.35,32904.5,0.233643436
10-May-21,33175.3,33297.6,33028.15,33142.4,0.723001413
11-May-21,32640.95,33154.3,32611.7,32872.2,-0.815269866
12-May-21,32717.65,32747.7,32352.3,32452.3,-1.277371153
14-May-21,32495.15,32622.65,32115.5,32169.55,-0.871278769
17-May-21,32437.85,33506.9,32318.7,33459.25,4.00907069
18-May-21,33893.1,34142.85,33730.45,33922.4,1.384221105
19-May-21,33717.1,33959.3,33608.25,33685.2,-0.699242978
20-May-21,33692.55,33833.7,33273.95,33334.55,-1.040961609
21-May-21,33559.8,34694.45,33559.75,34606.9,3.816910683
24-May-21,34869.3,35216.1,34528.3,34943.6,0.972927364
25-May-21,35095,35125.85,34410.4,34662,-0.805870031
26-May-21,34757.15,34897.95,34462.5,34684.2,0.064047083
27-May-21,34664.2,35220.8,34529.7,35095.05,1.184545124
28-May-21,35345.65,35436.65,34977.2,35141.45,0.132212378
11-Jun-21,35324.65,35344,34891.3,35047.4,0
14-Jun-21,34936.55,34995.15,34374.35,34950.6,-0.276197378
15-Jun-21,35038.05,35317.4,34917.9,35247.75,0.850199997
16-Jun-21,35196.25,35380,34916.2,35003.5,-0.692952032
17-Jun-21,34619.8,34882.4,34458.1,34605.4,-1.13731484
18-Jun-21,34735.15,34787.4,33908.95,34558,-0.136972842
21-Jun-21,34109.45,34927.65,33937.5,34871.3,0.906591817
22-Jun-21,35084.9,35281.9,34664.35,34745,-0.362188963
23-Jun-21,34911.85,34937.65,34525.45,34574,-0.492157145
24-Jun-21,34687.7,34935.3,34592.35,34827,0.731763753
25-Jun-21,34916.65,35491.95,34915.85,35364.65,1.543773509
28-Jun-21,35488.2,35576.95,35236.45,35359.45,-0.014703949
29-Jun-21,35320.45,35337.45,34913.7,35010.3,-0.987430517
30-Jun-21,35001.9,35214.9,34730.45,34772.2,-0.680085575
01-Jul-21,34866,34917.65,34650.95,34684,-0.253650905
02-Jul-21,34728.1,34894.45,34632.6,34809.9,0.362991581
05-Jul-21,35010.95,35234.3,34926.4,35212,1.155131155
06-Jul-21,35173.6,35807.45,35165.55,35579.15,1.042684312
07-Jul-21,35550.6,35795.75,35427.65,35771.3,0.540063492
08-Jul-21,35603.25,35811,35134.65,35274.1,-1.389941098
09-Jul-21,35163.75,35225.2,34859.9,35071.95,-0.573083367
12-Jul-21,35285.05,35394.3,35060.35,35198.9,0.361970178
13-Jul-21,35480.05,35727.85,35340.7,35673.4,1.34805349
14-Jul-21,35585.85,35804.05,35434.75,35668.25,-0.014436527
15-Jul-21,35757.45,35985.25,35625.7,35907.65,0.671185158
16-Jul-21,35977.95,35977.95,35674.75,35751.8,-0.434030074
19-Jul-21,35070.5,35347.05,34899.2,35079.2,-1.881303878
20-Jul-21,34791.15,34894.15,34357.35,34415.45,-1.892146913
22-Jul-21,34774.55,34989.1,34557.85,34677.3,0.760850141
23-Jul-21,34748.35,35088,34404.75,35034.4,1.029780289
26-Jul-21,34947.85,35138.2,34669.55,34949.7,-0.241762382
27-Jul-21,35029.3,35186.1,34713.55,34797.45,-0.435626057
28-Jul-21,34839.45,34841.55,34115.2,34532.9,-0.760256858
29-Jul-21,34740.3,34778.15,34495.2,34691.5,0.459272172
30-Jul-21,34698.75,34738.75,34445.4,34584.35,-0.308865284
13-Aug-21,36000.75,36233.3,35937.1,36169.35,0
16-Aug-21,36100.65,36261.55,36032.4,36094.5,-0.206943171
17-Aug-21,35935.05,35993.7,35611.85,35867.45,-0.629043206
18-Aug-21,36222.5,36248.9,35432,35554.5,-0.872518119
20-Aug-21,35146.5,35306.5,34926.5,35033.85,-1.464371599
23-Aug-21,35424.2,35427.4,34817.5,35124.4,0.258464314
24-Aug-21,35200.75,35795.3,35070,35712.1,1.673195841
25-Aug-21,35768.85,35910.3,35499.65,35586.25,-0.352401567
26-Aug-21,35485.95,35785.8,35411.8,35617.55,0.08795532
27-Aug-21,35559.75,35727.9,35359.25,35627.8,0.028777948
30-Aug-21,35781.05,36398.45,35721.9,36347.65,2.020472777
31-Aug-21,36367.4,36552.8,36216.2,36424.6,0.211705571
01-Sep-21,36591.45,36997.7,36487.15,36574.3,0.410985982
02-Sep-21,36588.4,36895.55,36469,36831.3,0.702679204
03-Sep-21,36883.65,37140,36563.2,36761.15,-0.190463003
06-Sep-21,36878.25,36923.65,36554.45,36592.35,-0.459180412
07-Sep-21,36558.85,36685.85,36151.95,36468.8,-0.337638878
08-Sep-21,36519.7,36855.9,36393.6,36768.2,0.820975738
09-Sep-21,36725.5,36857.2,36566.7,36683.2,-0.231178029
13-Sep-21,36608.45,36724.85,36327.05,36471.8,-0.576285602
14-Sep-21,36639.95,36756,36529.65,36613.05,0.387285519
15-Sep-21,36543.55,36949.7,36496.05,36852.25,0.653318967
16-Sep-21,36946,37720.15,36907.75,37668.6,2.215197172
17-Sep-21,37929.5,38112.75,37396.05,37811.95,0.380555688
20-Sep-21,37388.2,37802.75,37068.45,37145.7,-1.7620091
21-Sep-21,37238.4,37340.7,36525.95,37235.85,0.242692963
22-Sep-21,37277.1,37328.6,36885.6,36944.65,-0.782042037
23-Sep-21,37241.25,37830.75,37216.15,37771.7,2.238619123
24-Sep-21,37954,38112.6,37680,37830.3,0.155142607
27-Sep-21,38054.75,38355.2,37968.2,38171.25,0.901261687
28-Sep-21,38360,38377.25,37315.2,37945,-0.592723581
29-Sep-21,37601.1,37923.45,37371.05,37743,-0.532349453
30-Sep-21,37677.8,37884.85,37354.25,37425.1,-0.842275389
01-Oct-21,37140.4,37299.4,36876.35,37225.9,-0.532263107
18-Oct-21,39794.25,39947.6,39569.55,39684.8,0
19-Oct-21,39927.3,40011.15,39394.25,39540.5,-0.363615288
20-Oct-21,39545.45,39774.55,39292.8,39518.2,-0.056397871
21-Oct-21,39676.55,40200.45,39428.1,40030.2,1.295605569
22-Oct-21,40192.65,40587.35,40149.55,40323.65,0.733071531
25-Oct-21,40961.25,41829.6,40508.1,41192.4,2.154442864
26-Oct-21,41057.75,41367.25,40829.15,41238.3,0.111428322
27-Oct-21,41234.55,41347,40750,40874.35,-0.882553355
28-Oct-21,40915.15,40931.05,39350.2,39508.95,-3.340481255
29-Oct-21,39424.55,39775.25,38426.65,39115.6,-0.9955972
01-Nov-21,39432.15,39862.6,39120.65,39763.75,1.657011525
02-Nov-21,39796.9,40107.6,39590.7,39938.45,0.439344881
03-Nov-21,40040.65,40160.2,39304.85,39402.05,-1.343066644
04-Nov-21,39669.1,39734.7,39514.15,39573.7,0.435637232
08-Nov-21,39674.05,39674.05,38932.15,39438.25,-0.342272772
09-Nov-21,39517.85,39560.6,39223.4,39368.8,-0.176098077
10-Nov-21,39206.2,39220.3,38873.8,39023.25,-0.877725509
11-Nov-21,38913.05,38929.95,38346.05,38560.2,-1.186600296
12-Nov-21,38707.15,38822.85,38467.8,38733.35,0.449038127
15-Nov-21,38849.45,39117.15,38606.6,38702.35,-0.080034389
16-Nov-21,38710.9,38724.7,38211.1,38307.1,-1.021255815
17-Nov-21,38113.4,38456.3,37981.2,38041.55,-0.69321353
18-Nov-21,38071.9,38233.95,37748.45,37976.25,-0.171654415
22-Nov-21,38232.15,38241,36655.4,37128.8,-2.231526283
23-Nov-21,36787,37448.75,36647.55,37272.8,0.38783909
24-Nov-21,37384.75,37891.9,37238.05,37441.95,0.453816188
25-Nov-21,37362.05,37507.95,37118.4,37364.75,-0.206185842
26-Nov-21,36830.9,36868.9,35904.1,36025.5,-3.584260566
29-Nov-21,36224.45,36347.85,35327.9,35976.45,-0.136153558
30-Nov-21,35958.8,36774.2,35526.35,35695.3,-0.781483443
01-Dec-21,35902.9,36445.35,35805,36364.9,1.875877216
02-Dec-21,36281.85,36563.5,36166.7,36508.25,0.394198802
16-Dec-21,37092.95,37159.3,36385.75,36548.65,0
17-Dec-21,36491.8,36550.75,35535.05,35618.65,-2.544553629
20-Dec-21,35124.35,35231.1,34018.45,34439.85,-3.309502185
21-Dec-21,34863.35,35050,34389.95,34607.85,0.487807003
22-Dec-21,34865.25,35112.1,34687.6,35029.5,1.218365197
23-Dec-21,35350.5,35477.3,35046.25,35191.15,0.461468191
24-Dec-21,35282.2,35327.95,34583.4,34857.05,-0.949386422
27-Dec-21,34573.65,35143.7,34233,35057.9,0.576210551
28-Dec-21,35308.3,35352.4,35037.9,35183.8,0.359120198
29-Dec-21,35168.85,35378.3,34890.8,35045.4,-0.393362854
30-Dec-21,34977.65,35179.05,34751.25,35063.6,0.051932636
31-Dec-21,35114.4,35596.95,35113.75,35481.7,1.192404659
03-Jan-22,35585.2,36492.1,35526.6,36421.9,2.649816666
04-Jan-22,36551.25,36887.8,36374.4,36840.15,1.14834756
05-Jan-22,36943.55,37862.4,36756.35,37695.9,2.322873278
06-Jan-22,37242.55,37752.5,37058.45,37490.25,-0.545550047
07-Jan-22,37667.05,38134.85,37427.8,37739.6,0.665106261
10-Jan-22,37930.55,38400.35,37929.35,38347.9,1.611834784
11-Jan-22,38370,38504.6,38031.75,38442.2,0.245906556
12-Jan-22,38719.6,38851.45,38604.6,38727.55,0.74228322
13-Jan-22,38717.55,38717.55,38376.15,38469.95,-0.665159557
14-Jan-22,38302.35,38448.05,38007.75,38370.4,-0.258773406
17-Jan-22,38212.55,38617.5,38138.25,38216.15,-0.402002585
18-Jan-22,38337.4,38855.55,38095.4,38210.3,-0.015307664
19-Jan-22,38145.75,38330.5,37769.25,38041.35,-0.442158266
20-Jan-22,38106.1,38167.95,37591.85,37850.85,-0.500770872
21-Jan-22,37522.35,37741,37224.25,37574.3,-0.730630884
24-Jan-22,37601.95,37694.7,36375.35,36947.55,-1.668028413
25-Jan-22,36598.05,37788.8,36415.6,37706.75,2.054804716
27-Jan-22,37058.2,38147.65,37012.25,37982.1,0.730240607
28-Jan-22,38246.6,38421.7,37581.5,37689.4,-0.770626163
31-Jan-22,38091.8,38217.25,37647.85,37975.35,0.758701386
01-Feb-22,38460.45,38802.7,37690.6,38505.5,1.396037166
02-Feb-22,38841.55,39386.6,38752.65,39330.5,2.142551064
03-Feb-22,39255.7,39424.85,38861.15,39010,-0.814889208
17-Feb-22,38042.1,38124.5,37425.6,37531.65,0
18-Feb-22,37344.45,37817.55,37304.45,37599.15,0.179848208
21-Feb-22,37400,38054.4,37156.8,37685.6,0.229925411
22-Feb-22,36833,37659.4,36818.1,37371.65,-0.833076825
23-Feb-22,37628.55,37774.6,37318,37392.05,0.054586833
24-Feb-22,36085.2,36709.15,34991.35,35228.1,-5.787192732
25-Feb-22,35901.7,36684.65,35768.2,36430.75,3.413894022
28-Feb-22,35938.95,36270.25,35611.9,36205.3,-0.618845344
02-Mar-22,35381.9,35553.7,34897.45,35372.8,-2.299387106
03-Mar-22,35621.15,35804.15,34721.15,34944.3,-1.211382757
04-Mar-22,34526.1,35097.75,34094.1,34407.8,-1.535300464
07-Mar-22,33278.15,33543.3,32376.5,32871.25,-4.465702544
08-Mar-22,32531.9,33263.55,32155.35,33158.1,0.87264707
09-Mar-22,33278.9,33969.5,32948.9,33815.45,1.982471855
10-Mar-22,35153.95,35374.15,34218.05,34475.6,1.952214151
11-Mar-22,34331,34880.05,34094.3,34546.25,0.204927543
14-Mar-22,34660.25,35435.1,34625.05,35312.15,2.217027897
15-Mar-22,35467.95,35643.8,34706.05,35022.65,-0.819831135
16-Mar-22,35555.75,35806.35,35461.55,35748.25,2.071802105
17-Mar-22,36302,36611.95,36261.65,36428.55,1.903030218
21-Mar-22,36545.85,36600.2,35900.2,36018.5,-1.125628113
22-Mar-22,35975.6,36468.8,35384.75,36348.55,0.916334661
23-Mar-22,36627.7,36827.6,36064.75,36147.35,-0.553529646
24-Mar-22,35633.7,35957.7,35421.7,35527.1,-1.71589342
25-Mar-22,35700.4,35717.4,35203.85,35410.1,-0.329326064
28-Mar-22,35488.7,35770.8,35016.3,35710.5,0.848345529
29-Mar-22,35931.75,35977.2,35506.55,35847.4,0.383360636
30-Mar-22,36241.55,36421.1,36070.55,36334.3,1.358257503
31-Mar-22,36457.2,36590.85,36278.15,36373.6,0.10816226
01-Apr-22,36298.35,37209.8,36242.35,37148.5,2.130391273
19-Apr-22,36806.8,37123.55,35926.3,36341.6,0
20-Apr-22,36482.6,36513.85,36114.05,36314.9,-0.073469523
21-Apr-22,36513.1,36913.35,36395.7,36816.1,1.380149746
22-Apr-22,36514.15,36578.95,35991.5,36044.75,-2.095143157
25-Apr-22,35792.35,36270.15,35511.4,36082.35,0.104314775
26-Apr-22,36515.35,36604.55,36265.9,36404.8,0.89365022
27-Apr-22,36067.55,36175.9,35747.15,36028.85,-1.032693491
28-Apr-22,36189.95,36501.1,35951.1,36422.2,1.091763961
29-Apr-22,36474.05,36718.8,35978.95,36088.15,-0.917160413
02-May-22,35627.6,36235.25,35618.2,36163.75,0.209487048
04-May-22,36266.15,36309.3,35127.85,35264.55,-2.486467803
05-May-22,35705.35,35934.85,35133.8,35232.85,-0.089891974
06-May-22,34569.1,34797.95,34353.2,34591.2,-1.821169732
09-May-22,34091.75,34554.35,33927.2,34275.4,-0.912948958
10-May-22,34181.2,34781.8,34176.8,34482.65,0.604661069
11-May-22,34686.3,34793.2,34143.2,34693.15,0.610451923
12-May-22,34289.1,34341.2,33297.65,33532.15,-3.346481942
13-May-22,33925.95,34002.2,33007.9,33121.35,-1.225092933
16-May-22,33256,33821.65,33001.75,33597.6,1.437894289
17-May-22,33796.2,34366.05,33680.6,34301.9,2.096280687
18-May-22,34448.2,34655.8,34134.7,34163.7,-0.402893134
19-May-22,33461,33633.95,33180.6,33315.65,-2.482313098
20-May-22,33765.15,34358.05,33658.05,34276.4,2.883779845
23-May-22,34321.4,34819.95,34117.35,34247.6,-0.084022826
24-May-22,34223.2,34586.45,34115.8,34290.15,0.124242283
25-May-22,34491.8,34722.6,34285.8,34339.5,0.14391888
26-May-22,34670.6,35222.05,34424.75,35094.9,2.199799065
27-May-22,35326.6,35694.85,35291.95,35613.3,1.477137704
30-May-22,35958.8,36083.7,35748.45,35826.95,0.599916323
31-May-22,35615.3,35881.95,35288.95,35487.4,-0.947750227
01-Jun-22,35358.95,35768.7,35285.45,35620.8,0.375908069
15-Jun-22,33317.8,33554.55,33249.55,33339,0
16-Jun-22,33648.8,33756.5,32537.95,32617.1,-2.165331894
17-Jun-22,32393.45,32889.8,32290.55,32743.05,0.386147144
20-Jun-22,32873.4,32926.1,32426.4,32684.8,-0.177900348
21-Jun-22,32978.05,33593.8,32797.55,33191.75,1.551026777
22-Jun-22,33051.65,33106.95,32758.15,32845.3,-1.04378347
23-Jun-22,32927.4,33431.75,32652.15,33135,0.882013561
24-Jun-22,33434.8,33721.9,33390.85,33627.45,1.486192847
27-Jun-22,34126.2,34147.5,33735.5,33811.25,0.546577275
28-Jun-22,33578.2,33745.3,33503.3,33642.45,-0.499242116
29-Jun-22,33273.55,33422.8,33185.25,33269.9,-1.107380705
30-Jun-22,33180.7,33659.3,33179.6,33425.1,0.466487726
01-Jul-22,33264.75,33666.5,33080.45,33539.45,0.342108176
04-Jul-22,33558.85,33978.5,33515.6,33940.9,1.196948668
05-Jul-22,34084.7,34361.05,33757,33815.9,-0.368287229
06-Jul-22,33929.4,34388.5,33876.15,34324.25,1.503286915
07-Jul-22,34627.4,34965.75,34553.1,34920.3,1.736527382
08-Jul-22,35258.9,35262.1,34977.75,35124.05,0.583471505
11-Jul-22,35017.6,35543.1,35006.55,35469.65,0.983941203
12-Jul-22,35298.7,35419.65,35047.5,35132.25,-0.951235775
13-Jul-22,35259.8,35308.15,34757.6,34827.8,-0.866582698
14-Jul-22,34817.95,35027.6,34558.45,34651.2,-0.507066194
15-Jul-22,34734.45,34899.95,34463.9,34682.65,0.090761648
18-Jul-22,34841.85,35382.5,34804.4,35358.7,1.949245516
19-Jul-22,35113.25,35761.65,35110.5,35720.35,1.02280344
20-Jul-22,36061.3,36182.7,35876.55,35972.1,0.704780328
21-Jul-22,36026.55,36331.7,35887.35,36201,0.636326486
22-Jul-22,36322.9,36823.45,36286.35,36738.95,1.486008674
25-Jul-22,36766.7,37011.2,36464.65,36726.4,-0.034159931
26-Jul-22,36688.55,36695.75,36334.1,36408.5,-0.865589875
27-Jul-22,36370.55,36808.3,36248.6,36783.75,1.030665916
28-Jul-22,37102.45,37414.4,37028.5,37378.15,1.615930948
29-Jul-22,37717.3,37754.65,37221.15,37491.4,0.302984498
16-Aug-22,39284.1,39444.6,39119.9,39239.65,0
17-Aug-22,39351.3,39504.5,39202.8,39461.7,0.565881704
18-Aug-22,39324.4,39703.7,39291.15,39656.15,0.492756267
19-Aug-22,39732.65,39759.15,38848.4,38985.95,-1.690027902
22-Aug-22,38693.65,38732.85,38247.25,38297.75,-1.765251328
23-Aug-22,37955.45,38869.9,37950.85,38697.65,1.044186669
24-Aug-22,38552.7,39120.8,38552.2,39038.5,0.880802839
25-Aug-22,39190.05,39471.75,38803.7,38950.75,-0.224778104
26-Aug-22,39129.65,39337.1,38846.8,38987.15,0.093451346
29-Aug-22,38111.6,38397.1,37943.85,38276.7,-1.82226708
30-Aug-22,38516.95,39606.55,38472.7,39536.75,3.291950455
01-Sep-22,38806.7,39667.65,38803.3,39301.25,-0.595648352
02-Sep-22,39422.3,39595.85,39200.45,39421,0.304697688
05-Sep-22,39412.05,39865.2,39407.4,39805.75,0.976002638
06-Sep-22,39892.95,40073.75,39564.3,39666.5,-0.349823832
07-Sep-22,39337.75,39572.05,39258.25,39455.9,-0.530926601
08-Sep-22,39763.9,40265.75,39706.4,40208.95,1.908586549
09-Sep-22,40520.75,40685.95,40280.3,40415.7,0.514189005
12-Sep-22,40540.45,40684.9,40377.9,40574,0.391679471
13-Sep-22,40802.1,40904.3,40693.95,40873.1,0.737171588
14-Sep-22,40308.8,41626.9,40288.9,41405.4,1.302323533
15-Sep-22,41533.7,41840.15,41153.5,41209.2,-0.473851237
16-Sep-22,40977.2,41162.5,40502.05,40776.8,-1.049280258
19-Sep-22,40685.6,41184.25,40509.9,40904.4,0.312923035
20-Sep-22,41304.15,41677.65,41207.3,41468.3,1.378580299
21-Sep-22,41282.6,41501.7,40889.15,41203.45,-0.638680631
22-Sep-22,40889.05,41159.2,40360.2,40630.6,-1.390296201
23-Sep-22,40429.35,40528.4,39412.7,39546.25,-2.668801347
10-Oct-22,38641.55,39315.7,38518.3,39093.1,0
11-Oct-22,39058.85,39174.95,38622.75,38712.45,-0.973701241
12-Oct-22,38784.2,39164.1,38606.4,39118.55,1.049016531
13-Oct-22,38957.65,39061.3,38437.95,38624,-1.264233976
14-Oct-22,39446.05,39570.85,39196.3,39305.6,1.764705882
17-Oct-22,39295.6,39974.7,39146.7,39920.45,1.564280917
18-Oct-22,40252.05,40435.35,40139.85,40318.75,0.997734244
19-Oct-22,40556.65,40643.6,40195.2,40373.2,0.13504883
20-Oct-22,40149.5,40208.35,39848.85,40099.55,-0.677801116
21-Oct-22,40370.75,41032.25,40355.45,40784.05,1.7070017
24-Oct-22,41348.35,41427.25,41201.15,41304.9,1.277092393
25-Oct-22,41513.65,41530.65,41021.45,41122.75,-0.440988842
27-Oct-22,41440.7,41511.8,41178.65,41299.3,0.429324401
28-Oct-22,41236.8,41482.4,40839.3,40990.85,-0.746864959
31-Oct-22,41265.7,41353.7,41106.1,41307.9,0.773465298
01-Nov-22,41552.4,41677.25,41188.55,41289.55,-0.044422495
02-Nov-22,41472.6,41474.3,41060.45,41146.65,-0.346092413
03-Nov-22,40873.7,41478,40819.15,41298.35,0.36868129
04-Nov-22,41314.85,41516.2,41051.15,41258.45,-0.096614029
07-Nov-22,41740.65,41779.4,41337.05,41686.7,1.037969192
09-Nov-22,41914.85,41948.9,41667.9,41783.2,0.2314887
10-Nov-22,41462.85,41643.9,41318.6,41603.75,-0.429478834
11-Nov-22,42163.4,42345.5,41918.1,42137.05,1.281855602
14-Nov-22,42177.55,42231.45,41965.45,42076.75,-0.143104465
15-Nov-22,42234.85,42450.05,42079.55,42372.7,0.703357555
16-Nov-22,42371.8,42611.75,42296.3,42535.3,0.383737642
17-Nov-22,42399.65,42622.75,42366.55,42458.05,-0.18161386
18-Nov-22,42545.75,42590.75,42223.7,42437.45,-0.048518479
21-Nov-22,42286.95,42386.8,42202.55,42346.55,-0.214197601
22-Nov-22,42467.4,42508.75,42347.15,42457.05,0.260942155
23-Nov-22,42668.55,42860.55,42556.4,42729.1,0.640765197
24-Nov-22,42838.35,43163.4,42769.65,43075.4,0.810454702
25-Nov-22,43192.45,43339.15,42864.95,42983.95,-0.212302149
28-Nov-22,42757.2,43159.8,42740,43020.45,0.084915416
29-Nov-22,42959.4,43279.6,42959.4,43053.45,0.076707705
30-Nov-22,43122.75,43332.3,42880.05,43231,0.412394361
14-Dec-22,44078.6,44151.8,43987.95,44049.1,0
15-Dec-22,43940.1,44120.6,43379.1,43498.2,-1.250649843
16-Dec-22,43261.75,43598.2,43080.55,43219.5,-0.640716168
19-Dec-22,43346.35,43451.45,43110.3,43413.75,0.449449901
20-Dec-22,43152.65,43426.2,42955.4,43359.5,-0.12496041
21-Dec-22,43525.75,43614.65,42363.8,42617.95,-1.710236511
22-Dec-22,42864,42933.5,42231.35,42408.8,-0.490755656
23-Dec-22,41951.35,42226.65,41597.65,41668.05,-1.746689366
26-Dec-22,41716.35,42846.15,41569.45,42630.15,2.308963342
27-Dec-22,42827.75,42927.2,42394.15,42859.5,0.537999514
28-Dec-22,42733.6,43034.95,42694.85,42827.7,-0.074195919
29-Dec-22,42684.9,43498.05,42489.8,43252.35,0.991531182
30-Dec-22,43401.7,43422.95,42833.1,42986.45,-0.614764284
02-Jan-23,43038.25,43382.75,42961.75,43203.1,0.503996027
03-Jan-23,43151.45,43482.8,43148.45,43425.25,0.514199213
04-Jan-23,43417.5,43578.4,42858.65,42958.8,-1.074144651
05-Jan-23,43073.05,43137.55,42298.6,42608.7,-0.814966899
06-Jan-23,42649.7,42685.9,41877,42188.8,-0.985479491
09-Jan-23,42404.85,42716.8,42186.55,42582.75,0.933778633
10-Jan-23,42642,42674.25,41835.75,42014.75,-1.333873458
11-Jan-23,42071.85,42318,41729,42232.7,0.518746393
12-Jan-23,42238.5,42343.5,41742.95,42082.25,-0.356240543
13-Jan-23,42171.25,42453.95,41885.6,42371.25,0.686750352
16-Jan-23,42622.5,42715.65,42066.55,42167.55,-0.480750509
17-Jan-23,42241.2,42383.8,41861.1,42235.05,0.160075698
18-Jan-23,42271.8,42555.9,42119.65,42458,0.527879096
19-Jan-23,42416.3,42506.25,42234.9,42328.85,-0.304182957
20-Jan-23,42516.05,42709.2,42366.15,42506.8,0.420398853
23-Jan-23,42891.45,43005.85,42727.7,42821.25,0.739763991
24-Jan-23,42994.45,43078.9,42615.65,42733.45,-0.205038386
25-Jan-23,42703.6,42733.05,41540.3,41647.65,-2.540866698
27-Jan-23,41382.35,41417.9,40148.8,40345.3,-3.127067193
30-Jan-23,39856.15,40789.55,39419.8,40387.45,0.104473136
31-Jan-23,40563.85,40811.65,40167.7,40655.05,0.662582064
01-Feb-23,41115,42015.65,39490.5,40513,-0.349403088
15-Feb-23,41674.6,41795.45,41455.6,41731.05,0
16-Feb-23,41925.7,41979.1,41521.95,41631.35,-0.238910835
17-Feb-23,41514,41516.3,40882.7,41131.75,-1.200057168
20-Feb-23,41221.55,41292.6,40580.1,40701.7,-1.045542677
21-Feb-23,40784.9,40946.2,40508.25,40673.6,-0.069038885
22-Feb-23,40494.15,40529.25,39899,39995.9,-1.666191338
23-Feb-23,39983.7,40147.8,39600.25,40001.55,0.014126448
24-Feb-23,40259.1,40348.1,39818.9,39909.4,-0.230366073
27-Feb-23,39820.4,40371.45,39745.4,40307.1,0.996507089
28-Feb-23,40302.7,40391.45,40073,40269.05,-0.094400242
01-Mar-23,40473.85,40725.35,40341.95,40698.15,1.065582625
02-Mar-23,40604.55,40773.25,40312.9,40389.8,-0.757651146
03-Mar-23,40671.4,41390.15,40605.35,41251.35,2.133088057
06-Mar-23,41418.4,41671.2,41259.15,41350.4,0.240113354
08-Mar-23,41178.35,41625.35,41100.35,41577.1,0.548241371
09-Mar-23,41532.65,41659,41208.1,41256.75,-0.770496259
10-Mar-23,40805.25,40839,40341.7,40485.45,-1.869512262
13-Mar-23,40356.1,40690.05,39454.6,39564.7,-2.274273844
14-Mar-23,39522.4,39768.5,39132.6,39411.4,-0.387466605
15-Mar-23,39777.9,39914.1,38934.65,39051.5,-0.913187555
16-Mar-23,39061.7,39381.4,38613.15,39132.6,0.207674481
17-Mar-23,39442.4,39705.15,38926.8,39598.1,1.18954529
20-Mar-23,39512.1,39512.1,38941.9,39361.95,-0.596366997
21-Mar-23,39599.65,39970.9,39366.3,39894.7,1.35346445
22-Mar-23,40036,40085.6,39837.8,39999.05,0.261563566
23-Mar-23,39836.15,40201.6,39552.5,39616.9,-0.955397691
24-Mar-23,39555.25,39767.9,39294.9,39395.35,-0.559231035
27-Mar-23,39484.7,39695.2,39273.75,39431.3,0.091254425
28-Mar-23,39545.05,39645.2,39326.1,39567.9,0.346425302
17-Apr-23,42603.55,42603.55,41799,42262.55,0
18-Apr-23,42406.95,42500.7,42114.35,42265.2,0.006270327
19-Apr-23,42280.1,42339.9,42022.15,42154,-0.263100612
20-Apr-23,42218.5,42378.15,42108.85,42269.5,0.27399535
21-Apr-23,42252.55,42382.15,41962.35,42118,-0.35841446
24-Apr-23,42469.95,42714.15,42269.1,42635.75,1.229284391
25-Apr-23,42731.6,42865.55,42601.5,42678.5,0.100267968
26-Apr-23,42559.05,42875.6,42432.25,42829.9,0.354745364
27-Apr-23,42753.9,43043.4,42736.6,43000.85,0.399137051
28-Apr-23,43045.5,43302.05,42810.35,43233.9,0.541966031
02-May-23,43395.05,43483.85,43269.4,43352.1,0.273396571
03-May-23,43154.85,43354.95,43078.15,43312.7,-0.090883717
04-May-23,43236.1,43739.8,43213.95,43685.45,0.860602087
05-May-23,43110.65,43588,42582.2,42661.2,-2.34460215
08-May-23,42796.85,43418.55,42780.3,43284,1.459874546
09-May-23,43438.55,43533.25,43125.85,43198.15,-0.198341188
10-May-23,43275.25,43383.65,42822.15,43331.05,0.307652064
11-May-23,43535.1,43774.25,43367.25,43475.3,0.332902157
12-May-23,43447.15,43905.95,43347.75,43793.55,0.732024851
15-May-23,43821.05,44151.7,43666.6,44072.1,0.636052569
16-May-23,44144.15,44144.15,43815.7,43903.7,-0.382101148
17-May-23,43948.5,43992.75,43446.4,43698.7,-0.466931033
18-May-23,44006.9,44079.2,43673.7,43752.3,0.122658111
19-May-23,43930,44020.9,43531.9,43969.4,0.496202485
22-May-23,43935.3,44026.75,43684.9,43885.1,-0.191724245
23-May-23,43978.9,44095.25,43852.2,43954.45,0.1580263
24-May-23,43751.95,44010.45,43639.8,43677.85,-0.62928782
25-May-23,43630.25,43719.85,43390.3,43681.4,0.008127689
26-May-23,43765.35,44067.6,43588.8,44018,0.770579698
29-May-23,44276.8,44483.35,44193.95,44311.9,0.667681403
30-May-23,44277.35,44498.6,44207.5,44436.35,0.280850065
31-May-23,44318,44339.05,43822.7,44128.15,-0.693576318
01-Jun-23,44172.05,44179.95,43706.15,43790.2,-0.76583768
15-Jun-23,44054.35,44077.45,43397.5,43443.6,0
16-Jun-23,43583.35,44083.25,43536.95,43938.15,1.138372511
19-Jun-23,44015.3,44040.35,43501.4,43633.75,-0.692792027
20-Jun-23,43597.55,43823.95,43345.95,43766.5,0.304236973
21-Jun-23,43894.4,43946.7,43698.95,43859.2,0.211805833
22-Jun-23,43874.8,44042.15,43663.35,43724.85,-0.306321137
23-Jun-23,43641.6,43824.1,43519.55,43622.9,-0.233162607
26-Jun-23,43714.75,43773.1,43541.75,43641.05,0.041606587
27-Jun-23,43804.55,44194.65,43693.15,44121.5,1.100913017
28-Jun-23,44419.5,44508.4,44163.2,44327.8,0.467572499
30-Jun-23,44666,44787.1,44447.2,44747.35,0.946471514
03-Jul-23,44957.95,45353.2,44882.1,45158.1,0.917931453
04-Jul-23,45310.55,45655.5,45000.25,45301.45,0.317440282
05-Jul-23,45169.7,45418.9,45073.4,45151.8,-0.330342627
06-Jul-23,45060.55,45417.5,45042.6,45339.9,0.416594687
07-Jul-23,45118.05,45227.25,44844.8,44925,-0.915088035
10-Jul-23,44958.65,45184.3,44721.9,44860.85,-0.142793545
11-Jul-23,44998,45139.55,44663.05,44745.05,-0.258131533
12-Jul-23,44872.6,44937.25,44562.4,44639.45,-0.236003759
13-Jul-23,45009.3,45085.15,44612.2,44665.05,0.057348377
14-Jul-23,44860.65,44923.85,44547.8,44819.3,0.34534832
17-Jul-23,44951.2,45556.45,44695.05,45449.75,1.406648475
18-Jul-23,45754.8,45905.85,45281.3,45410.85,-0.08558903
19-Jul-23,45622.5,45707.4,45433,45669.3,0.569137112
20-Jul-23,45689.05,46256.2,45640.95,46186.9,1.133365302
21-Jul-23,46063.95,46369.5,45925.9,46075.2,-0.241843466
24-Jul-23,46131.9,46191.5,45858.75,45923.05,-0.33022103
25-Jul-23,46154.7,46156.1,45622.85,45845,-0.169958224
26-Jul-23,45935.15,46096.6,45804.7,46062.35,0.474097502
27-Jul-23,46285.85,46310.1,45570.65,45679.3,-0.831590225
28-Jul-23,45560.9,45727.75,45238.8,45468.1,-0.462353845
31-Jul-23,45546.35,45694.9,45359.75,45651.1,0.40247998
01-Aug-23,45740,45782.75,45471.05,45592.5,-0.128364924
02-Aug-23,45234.65,45404.9,44720.9,44995.7,-1.308987224
03-Aug-23,44862.85,45038.45,44279.4,44513.45,-1.07176908
18-Aug-23,43724.75,43957.65,43672.45,43851.05,0
21-Aug-23,43952.85,44113.8,43862,44002,0.34423349
22-Aug-23,44125,44151.3,43938.7,43993.25,-0.01988546
23-Aug-23,44064.5,44521.65,43952.05,44479.05,1.104260313
24-Aug-23,44704.2,44949.9,44433.75,44496.2,0.038557478
25-Aug-23,44276.2,44359.1,43983.75,44231.45,-0.594994629
28-Aug-23,44253.65,44610.4,44201.45,44494.65,0.595051711
29-Aug-23,44655.75,44673,44429.8,44495.25,0.001348477
30-Aug-23,44706.55,44779.65,44149.8,44232.6,-0.590287727
31-Aug-23,44265.85,44399.65,43895.05,43989.15,-0.550385914
01-Sep-23,43996.1,44568.55,43830.75,44436.1,1.016046002
04-Sep-23,44647.65,44656.05,44310.95,44578.3,0.320010082
05-Sep-23,44625.05,44668.7,44401.7,44532.15,-0.103525706
06-Sep-23,44494.65,44577,44207.25,44409.1,-0.276317223
07-Sep-23,44418.05,44915.55,44341.2,44878.35,1.056652803
08-Sep-23,44953.65,45383.35,44812.15,45156.4,0.619563776
11-Sep-23,45340.8,45636.2,45231.3,45570.7,0.917477921
12-Sep-23,45893.8,45893.8,45322.55,45511.35,-0.130237192
13-Sep-23,45449.35,45990.5,45299.4,45909.45,0.874726854
14-Sep-23,46013.3,46153.9,45801.5,46000.85,0.199087552
15-Sep-23,46122.15,46310.4,46028.75,46231.5,0.501403778
18-Sep-23,46100.95,46252.95,45906.9,45979.85,-0.544325838
20-Sep-23,45493.7,45745.15,45276.4,45384.6,-1.294588825
21-Sep-23,45179.6,45276.8,44592.45,44623.85,-1.676229382
22-Sep-23,44707.35,44996.75,44548.9,44612.05,-0.026443258
25-Sep-23,44615,44936.55,44400.9,44766.1,0.345310292
26-Sep-23,44722.5,44773.8,44532.45,44624.2,-0.31698093
27-Sep-23,44465.9,44668,44182.5,44588.3,-0.080449622
28-Sep-23,44700.35,44756.8,44248.2,44300.95,-0.644451571
13-Oct-23,44322.05,44563.05,44203.7,44287.95,0
16-Oct-23,44204.75,44356.95,44044.4,44225.9,-0.14010583
17-Oct-23,44589.8,44589.85,44336.95,44409.5,0.415141354
18-Oct-23,44404.2,44412.5,43861.45,43888.7,-1.172722053
19-Oct-23,43616.75,44058.8,43558.1,43754.5,-0.305773468
20-Oct-23,43584.25,43877.5,43567.45,43723.05,-0.071878321
23-Oct-23,43822.7,43831.3,43029.45,43151.2,-1.307891375
25-Oct-23,43308.3,43397.45,42758.4,42832,-0.739724504
26-Oct-23,42708.4,42716.2,42105.4,42280.15,-1.288405865
27-Oct-23,42555.6,42840.15,42482.75,42782,1.186963622
30-Oct-23,42721.4,43112.5,42390.5,43039.15,0.601070544
31-Oct-23,43356.85,43356.85,42797.15,42845.95,-0.448893624
01-Nov-23,42694.25,42815.15,42589.65,42700.95,-0.338421718
02-Nov-23,43018.7,43271.5,42796.45,43017.2,0.740615841
03-Nov-23,43318.3,43416.1,43221,43318.25,0.699836345
06-Nov-23,43627.75,43648.7,43415.2,43619.4,0.695203523
07-Nov-23,43598.85,43799.35,43283.85,43737.9,0.271668111
08-Nov-23,43791.8,43797.55,43547.75,43658.65,-0.18119297
09-Nov-23,43626.1,43876.75,43542.65,43683.6,0.057147896
10-Nov-23,43543.25,43908.7,43504.95,43820.1,0.312474247
12-Nov-23,44054.5,44056,43916.6,43996.65,0.402897301
13-Nov-23,43915.1,43970.75,43681.4,43891.25,-0.239563694
15-Nov-23,44398.45,44408.55,44164.55,44201.7,0.707316379
16-Nov-23,44251.7,44420.95,44064.15,44161.55,-0.09083361
17-Nov-23,43656.25,43872.85,43513.85,43583.95,-1.307925107
20-Nov-23,43591.5,43724,43450.05,43584.95,0.002294423
21-Nov-23,43790.95,43790.95,43586.45,43689.15,0.23907335
22-Nov-23,43663.6,43692.5,43230.95,43449.6,-0.548305472
23-Nov-23,43452.75,43649.65,43451.35,43577.5,0.294364045
24-Nov-23,43607.35,43806.5,43566.15,43769.1,0.439676439
28-Nov-23,43851.55,43960.3,43739.8,43880.95,0.255545579
29-Nov-23,44081.75,44630.35,44003.45,44566.45,1.562181311
30-Nov-23,44711.2,44764.8,44254.6,44481.75,-0.19005328
01-Dec-23,44580.15,44951.1,44531.75,44814.2,0.747385164
15-Dec-23,47939.9,48219.95,47632.85,48143.55,0
18-Dec-23,48068.5,48076.6,47806.7,47867.7,-0.57297395
19-Dec-23,47940.4,48017,47646.05,47870.9,0.006685092
20-Dec-23,48085.35,48166.15,47202.65,47445.3,-0.889057862
21-Dec-23,47172.45,47932.4,46919.7,47840.15,0.832221527
22-Dec-23,47837.75,48071.4,47415.85,47491.85,-0.728049557
26-Dec-23,47576.4,47838.45,47411.65,47724.85,0.490610494
27-Dec-23,47818.5,48347.65,47806.7,48282.2,1.167840234
28-Dec-23,48479.05,48636.45,48343.15,48508.55,0.46880631
29-Dec-23,48374.85,48477.7,48091.85,48292.25,-0.445900774
01-Jan-24,48203.45,48450,48044.15,48234.3,-0.11999855
02-Jan-24,48194.8,48223.55,47689.8,47761.65,-0.979904342
03-Jan-24,47796.3,47798.75,47481.35,47704.95,-0.118714492
04-Jan-24,47805.4,48281.2,47738.15,48195.85,1.029033675
05-Jan-24,48245.55,48381.95,47822.85,48159,-0.076458865
08-Jan-24,48096.65,48154.5,47387.35,47450.25,-1.471687535
09-Jan-24,47705.4,47939.3,47156.05,47242.65,-0.437510867
10-Jan-24,47073.85,47423.45,47010.8,47360.85,0.25019765
11-Jan-24,47538.6,47662.1,47237,47438.35,0.163637266
12-Jan-24,47572.7,47873.7,47408.5,47709.8,0.572216361
15-Jan-24,47891.05,48248.05,47825.4,48158.3,0.940058437
16-Jan-24,48109.95,48305.4,48002.85,48125.1,-0.068939311
17-Jan-24,46573.95,47212.75,45979.6,46064.45,-4.281861232
18-Jan-24,45492.75,46184.05,45430.7,45713.55,-0.761758797
19-Jan-24,46103.5,46249.85,45558.05,45701.15,-0.027125437
20-Jan-24,45989.25,46183.7,45640.9,46058.2,0.781271368
23-Jan-24,46495.45,46580.3,44886.1,45015.05,-2.264851861
24-Jan-24,44489.4,45485.5,44489.4,45082.4,0.149616628
25-Jan-24,45057.95,45139.05,44429,44866.15,-0.479677213
29-Jan-24,45171.5,45660.35,45110.9,45442.35,1.284264418
30-Jan-24,45481.5,45678.7,45206.05,45367.75,-0.164164045
31-Jan-24,45295.65,46179.75,45071.2,45996.8,1.386557632
01-Feb-24,46164.9,46306.9,45668.35,46188.65,0.417094233
15-Feb-24,46027.1,46297.7,45590.2,46218.9,0
16-Feb-24,46454.3,46693.4,46264.4,46384.85,0.359052249
19-Feb-24,46554.9,46717.4,46317.7,46535.5,0.324782769
20-Feb-24,46444.9,47136.75,46367.8,47094.2,1.200588798
21-Feb-24,47363.4,47363.4,46886.95,47019.7,-0.158193578
22-Feb-24,46934.55,47024.05,46426.85,46919.8,-0.212464137
23-Feb-24,47060.7,47245.35,46723.15,46811.75,-0.230286574
26-Feb-24,46615.85,46893.15,46513.55,46576.5,-0.502544767
27-Feb-24,46480.2,46722.25,46324.9,46588.05,0.024797913
28-Feb-24,46640.9,46754.55,45852.55,45963.15,-1.341331092
29-Feb-24,45881.45,46329.65,45661.75,46120.9,0.343209723
01-Mar-24,46218,47342.25,46218,47286.9,2.528138003
02-Mar-24,47377.45,47433.85,47237,47297.5,0.022416356
04-Mar-24,47318.5,47529.6,47191.65,47456.1,0.335324277
05-Mar-24,47265.7,47737.85,47196.75,47581,0.263190612
06-Mar-24,47451.65,48161.25,47442.25,47965.4,0.807885501
07-Mar-24,48035.8,48071.7,47747.2,47835.8,-0.270194765
11-Mar-24,47792.2,47853.8,47230.65,47327.85,-1.061861618
12-Mar-24,47351.35,47812.75,46884.45,47282.4,-0.096032252
13-Mar-24,47341.15,47468.7,46842.15,46981.3,-0.636812006
14-Mar-24,46825.75,47231.5,46565.55,46789.95,-0.407289709
15-Mar-24,46572.1,46802.55,46310.5,46594.1,-0.418572792
18-Mar-24,46458.75,46739.25,46022.15,46575.9,-0.039060739
19-Mar-24,46421.9,46602.35,46258.75,46384.8,-0.41029803
20-Mar-24,46392.9,46655.55,45828.8,46310.9,-0.159319432
21-Mar-24,46674.85,46990.25,46570.15,46684.9,0.807585255
22-Mar-24,46634.9,46974.15,46566.8,46863.75,0.383100317
26-Mar-24,46552.95,46788.35,46529.05,46600.2,-0.56237497
27-Mar-24,46643.45,46956.1,46643.45,46785.95,0.398603439
28-Mar-24,46827.85,47440.45,46827.85,47124.6,0.723828414
15-Apr-24,48057.5,48255.5,47725.8,47773.25,0
16-Apr-24,47436.7,47609,47316.55,47484.8,-0.603789778
18-Apr-24,47592.7,47829.75,46982.15,47069.45,-0.874700957
19-Apr-24,46744.95,47668.7,46579.05,47574.15,1.072245374
22-Apr-24,48145.7,48146.3,47628.45,47924.9,0.737270135
23-Apr-24,48299.6,48302.7,47899.3,47970.45,0.095044538
24-Apr-24,48120.9,48246.2,48028.7,48189,0.455592974
25-Apr-24,47772.65,48625.45,47737.2,48494.95,0.634895931
26-Apr-24,48660,48679.65,48088.25,48201.05,-0.606042485
29-Apr-24,48359.9,49473.6,48342.7,49424.05,2.537289125
30-Apr-24,49477.1,49974.75,49249.9,49396.75,-0.055236267
02-May-24,49262,49529.35,49123.6,49231.05,-0.33544717
03-May-24,49375.05,49607.75,48659.7,48923.55,-0.624605813
06-May-24,49174.55,49252.65,48784,48895.3,-0.057743152
07-May-24,48965.05,49023.5,48213.75,48285.35,-1.247461412
08-May-24,48124.2,48223.05,47851.15,48021.1,-0.547267442
09-May-24,47976.35,48258.65,47440.65,47487.9,-1.110345244
10-May-24,47555.5,47868.7,47313.35,47421.1,-0.140667412
13-May-24,47389.8,47841.6,46983.25,47754.1,0.702219054
14-May-24,47748.85,47937.25,47607.85,47859.45,0.22060933
15-May-24,47923.1,47957.2,47534.5,47687.45,-0.359385659
16-May-24,47945.85,48052.9,47340.35,47977.05,0.607287662
17-May-24,47842.95,48188.65,47758.8,48115.65,0.288888125
18-May-24,48197.3,48222.35,48108.15,48199.5,0.174267624
21-May-24,47927.1,48259.75,47927.1,48048.2,-0.313903671
22-May-24,48113.9,48114.05,47435.25,47781.95,-0.55413106
23-May-24,47899.35,48829.7,47873.15,48768.6,2.064901077
24-May-24,48668,49052.95,48644.8,48971.65,0.416353965
27-May-24,49105.9,49688.85,49051.25,49281.8,0.633325608
28-May-24,49390.9,49511.15,49043.65,49142.15,-0.283370331
29-May-24,48786.7,49022.6,48401.55,48501.35,-1.303972252
30-May-24,48313.6,49044.6,48313.6,48682.35,0.373185489
31-May-24,48895.15,49122.55,48569.05,48983.95,0.619526379
14-Jun-24,49993.95,50102.6,49693.35,50002,0
18-Jun-24,50194.35,50562.15,49900.2,50440.9,0.877764889
19-Jun-24,50607.9,51957,50441.75,51398.05,1.897567252
20-Jun-24,51712.9,51842.2,51281.5,51783.25,0.749444775
21-Jun-24,51927.3,51934.35,51224.95,51661.45,-0.235211193
24-Jun-24,51280.25,51783.95,51138.9,51703.95,0.082266371
25-Jun-24,51759.45,52746.5,51747.65,52606,1.744644268
26-Jun-24,52653.2,52988.3,52373.7,52870.5,0.502794358
27-Jun-24,52980.3,53180.75,52639,52811.3,-0.111971704
28-Jun-24,52874.95,53030.3,52242.3,52342.25,-0.888162193
01-Jul-24,52351.15,52656.15,52166.05,52574.75,0.444191834
02-Jul-24,52793.75,52828.45,51996.65,52168.1,-0.773470154
03-Jul-24,52872.3,53256.7,52482.65,53089.25,1.765734232
04-Jul-24,53357.7,53357.7,52815.9,53103.7,0.027218316
05-Jul-24,52560.1,52817.85,52290.05,52660.35,-0.834875913
08-Jul-24,52533.1,52710.8,52246.7,52425.8,-0.445401521
09-Jul-24,52390.5,52626.6,52292.95,52568.8,0.272766462
10-Jul-24,52528.8,52528.8,52075.4,52189.3,-0.721911096
11-Jul-24,52316.9,52400.3,51749.45,52270.65,0.155874863
12-Jul-24,52272.65,52794.55,52171.15,52278.9,0.015783236
15-Jul-24,52330.05,52662.25,52154,52455.9,0.338568715
16-Jul-24,52466.7,52619.05,52331.6,52396.8,-0.112666068
18-Jul-24,52215.05,52782.75,52168.65,52620.7,0.427316172
19-Jul-24,52531.55,52586.75,52146.3,52265.6,-0.674829487
22-Jul-24,52145.6,52427,51874.55,52280.4,0.028316904
23-Jul-24,52511,52547.55,51342.65,51778.3,-0.960398161
24-Jul-24,51657.65,51944.65,50784.25,51317,-0.890913761
25-Jul-24,50762.3,51006.1,50559.9,50888.75,-0.834518775
26-Jul-24,50456.1,51398.6,50438.3,51295.95,0.800176856
29-Jul-24,51546.65,52340.25,51186.95,51406.25,0.215026722
30-Jul-24,51383.9,51957.75,51260.05,51499.3,0.181009119
31-Jul-24,51583.45,51663.1,51335.7,51553.4,0.105049972
01-Aug-24,51672.6,51877.15,51456.2,51564,0.020561204
16-Aug-24,50133,50603.4,49806.05,50516.9,0
19-Aug-24,50683.55,50728.25,50283.55,50368.35,-0.294060008
20-Aug-24,50417.25,51025.6,50398.6,50803.15,0.863240507
21-Aug-24,50666.65,50772.45,50333.35,50685.55,-0.231481709
22-Aug-24,50894.8,51080,50794.45,50985.7,0.592180612
23-Aug-24,51040.05,51117.85,50856.7,50933.45,-0.102479715
26-Aug-24,51100.65,51317.85,51061.55,51148.1,0.421432281
27-Aug-24,51214.05,51404.7,50938.1,51278.75,0.255434708
28-Aug-24,51208.95,51260.75,51033.7,51143.85,-0.263071935
29-Aug-24,51103.75,51368.95,50984.4,51152.75,0.017401897
30-Aug-24,51437.45,51466.55,51256,51351,0.387564696
02-Sep-24,51579.5,51579.5,51295.8,51439.55,0.172440654
03-Sep-24,51479.75,51750.1,51240.05,51689.1,0.485132549
04-Sep-24,51364.65,51503.55,51259.9,51400.25,-0.558821879
05-Sep-24,51544.25,51636.75,51389.15,51473.05,0.141633552
06-Sep-24,51200.4,51380.05,50447.3,50576.85,-1.741105297
09-Sep-24,50549.25,51192.75,50369.4,51117.8,1.069560481
10-Sep-24,51328.3,51366,50958.25,51272.3,0.302243054
11-Sep-24,51218.55,51420.15,50947.7,51010,-0.511582277
12-Sep-24,51271,51878.1,51025,51772.4,1.4946089
13-Sep-24,51952.55,51994.1,51643.95,51938.05,0.319958124
16-Sep-24,52038.7,52208.7,51921.45,52153.15,0.414147239
17-Sep-24,52249.05,52284.6,52085.5,52188.65,0.068068755
18-Sep-24,52177.1,52954.2,52154.55,52750.4,1.076383467
19-Sep-24,52929.25,53353.3,52847.9,53037.6,0.544450848
20-Sep-24,53235.8,54066.1,53037.6,53793.2,1.424649682
23-Sep-24,53917.9,54197.95,53741.4,54105.8,0.581114342
24-Sep-24,54110.65,54247.7,53904.65,53968.6,-0.25357725
25-Sep-24,53794,54141.3,53792.85,54101.65,0.246532243
26-Sep-24,54045.85,54467.35,54010.9,54375.35,0.505899543
27-Sep-24,54338.7,54338.7,53763.2,53834.3,-0.995028078
30-Sep-24,53556.95,53726.4,52926.55,52978.1,-1.590435837
01-Oct-24,52844,53235.25,52817.8,52922.6,-0.104760269
16-Oct-24,51711.2,52031.6,51711.2,51801.05,0
17-Oct-24,51849.3,51930.2,51150.25,51288.8,-0.988879569
18-Oct-24,51261,52199.45,51000.9,52094.2,1.570323345
21-Oct-24,52361.1,52577.5,51855.15,51962.7,-0.252427334
22-Oct-24,52071.35,52257.3,51179.6,51257.15,-1.357800884
23-Oct-24,51117.8,51551.55,51107.9,51239,-0.035409694
24-Oct-24,51272.3,51781.55,51201.85,51531.15,0.570171159
25-Oct-24,51369.75,51501.05,50382.1,50787.45,-1.443204741
28-Oct-24,51061.35,51589.15,51012.55,51259.3,0.929068106
29-Oct-24,51404.1,52354.85,51278.9,52320.7,2.070648643
30-Oct-24,51988.7,52220,51733,51807.5,-0.980873727
